rank,title,score,vote_count,release_date,regions,types,actors,url,cover_url
1,控方证人,9.6,727531,2025-12-05,美国,"剧情,犯罪,悬疑,惊悚","['泰隆·鲍华', '玛琳·黛德丽', '查尔斯·劳顿', '埃尔莎·兰彻斯特', '约翰·威廉姆斯', '亨利·丹尼尔', '伊安·沃尔夫', '托林·撒切尔', '诺玛·威登', '尤娜·奥康纳']",https://movie.douban.com/subject/1296141/,https://img3.doubanio.com/view/photo/s_ratio_poster/public/p2927451337.jpg
2,盗梦空间,9.4,2301768,2010-09-01,"美国,英国","剧情,科幻,悬疑,冒险","['莱昂纳多·迪卡普里奥', '约瑟夫·高登-莱维特', '艾利奥特·佩吉', '汤姆·哈迪', '渡边谦', '迪利普·劳', '基里安·墨菲', '汤姆·贝伦杰', '玛丽昂·歌迪亚', '皮特·波斯尔思韦特']",https://movie.douban.com/subject/3541415/,https://img9.doubanio.com/view/photo/s_ratio_poster/public/p513344864.jpg
3,控方证人,9.4,102983,1982-12-04,"美国,英国","剧情,犯罪,悬疑","['拉尔夫·理查德森', '黛博拉·蔻儿', '博·布里奇斯', '黛安娜·里格', '温蒂·希勒', '唐纳德·普利森斯', '彼得·萨利斯', '弗兰克·米尔斯']",https://movie.douban.com/subject/5294851/,https://img2.doubanio.com/view/photo/s_ratio_poster/public/p2367853261.jpg
4,窃听风暴,9.2,627158,2006-03-23,德国,"剧情,悬疑","['乌尔里希·穆埃', '马蒂娜·格德克', '塞巴斯蒂安·科赫', '乌尔里希·图库尔', '托马斯·蒂梅', '汉斯-尤韦·鲍尔', '沃克马·克莱纳特', '马提亚斯·布伦纳', '查理·哈纳', '赫伯特·克瑙普']",https://movie.douban.com/subject/1900841/,https://img1.doubanio.com/view/photo/s_ratio_poster/public/p1808872109.jpg
5,切腹,9.4,57774,1962-09-16,日本,"剧情,动作,悬疑","['仲代达矢', '石浜朗', '岩下志麻', '丹波哲郎', '三岛雅夫', '中谷一郎', '佐藤庆', '稻叶义男', '井川比佐志', '武内亨']",https://movie.douban.com/subject/1304920/,https://img3.doubanio.com/view/photo/s_ratio_poster/public/p2151748293.jpg
6,未麻的部屋,9.1,420591,1997-08-05,日本,"剧情,犯罪,动画,悬疑,惊悚","['岩男润子', '松本梨香', '辻亲八', '大仓正章', '秋元羊介', '盐屋翼', '堀秀行', '筱原惠美', '江原正士', '梁田清之']",https://movie.douban.com/subject/1395091/,https://img3.doubanio.com/view/photo/s_ratio_poster/public/p1351050722.jpg
7,搏击俱乐部,9.0,963003,1999-09-10,美国,"剧情,动作,悬疑,惊悚","['爱德华·诺顿', '布拉德·皮特', '海伦娜·伯翰·卡特', '扎克·格雷尼尔', '米特·洛夫', '杰瑞德·莱托', '艾恩·贝利', '里奇蒙德·阿奎特', '乔治·马奎尔', '卡尔·西阿法里奥']",https://movie.douban.com/subject/1292000/,https://img3.doubanio.com/view/photo/s_ratio_poster/public/p1910931622.jpg
8,红辣椒,9.0,563129,2006-09-02,日本,"动画,悬疑,科幻,惊悚","['林原惠美', '江守彻', '堀胜之祐', '古谷彻', '大塚明夫', '山寺宏一', '田中秀幸', '兴梠里美', '岩田光央', '爱河里花子']",https://movie.douban.com/subject/1865703/,https://img1.doubanio.com/view/photo/s_ratio_poster/public/p2794776839.jpg
9,惊魂记,9.0,352974,1960-06-16,美国,"悬疑,惊悚,恐怖","['安东尼·博金斯', '维拉·迈尔斯', '约翰·加文', '珍妮特·利', '马丁·鲍尔萨姆', '约翰·麦克因泰', '西蒙·奥克兰', '弗兰克·艾伯森', '帕特里夏·希区柯克', '沃恩·泰勒']",https://movie.douban.com/subject/1293181/,https://img9.doubanio.com/view/photo/s_ratio_poster/public/p1021883305.jpg
10,禁闭岛,8.9,1102923,2010-02-13,美国,"剧情,悬疑,惊悚","['莱昂纳多·迪卡普里奥', '马克·鲁法洛', '本·金斯利', '马克斯·冯·叙多夫', '米歇尔·威廉姆斯', '艾米莉·莫迪默', '派翠西娅·克拉克森', '杰基·厄尔·哈利', '泰德·拉文', '约翰·卡洛·林奇']",https://movie.douban.com/subject/2334904/,https://img1.doubanio.com/view/photo/s_ratio_poster/public/p450262388.jpg
11,蝴蝶效应,8.9,1058340,2004-01-23,"美国,加拿大","剧情,悬疑,科幻,惊悚","['阿什顿·库彻', '梅洛拉·沃尔特斯', '艾米·斯马特', '埃尔登·亨森', '威廉姆·李·斯科特', '约翰·帕特里克·阿梅多利', '艾琳·戈洛瓦娅', '凯文·G·施密特', '杰西·詹姆斯', '罗根·勒曼']",https://movie.douban.com/subject/1292343/,https://img1.doubanio.com/view/photo/s_ratio_poster/public/p2209066019.jpg
12,致命魔术,8.9,956813,2006-10-17,"英国,美国","剧情,悬疑,惊悚","['休·杰克曼', '克里斯蒂安·贝尔', '迈克尔·凯恩', '丽贝卡·豪尔', '斯嘉丽·约翰逊', '大卫·鲍伊', '安迪·瑟金斯', '派珀·佩拉博', '萨曼塔·马霍林', '丹尼尔·戴维斯']",https://movie.douban.com/subject/1780330/,https://img9.doubanio.com/view/photo/s_ratio_poster/public/p480383375.jpg
13,致命ID,8.9,938434,2003-04-25,美国,"剧情,悬疑,惊悚","['约翰·库萨克', '雷·利奥塔', '阿曼达·皮特', '约翰·浩克斯', '阿尔弗雷德·莫里纳', '克里·杜瓦尔', '约翰·C·麦金雷', '威廉姆·李·斯科特', '杰克·布塞', '普路特·泰勒·文斯']",https://movie.douban.com/subject/1297192/,https://img9.doubanio.com/view/photo/s_ratio_poster/public/p2558364386.jpg
14,杀人回忆,8.9,828666,2003-05-02,韩国,"剧情,动作,犯罪,悬疑,惊悚","['宋康昊', '金相庆', '金雷夏', '宋在浩', '边希峰', '高瑞熙', '柳泰浩', '朴努植', '朴海日', '全美善']",https://movie.douban.com/subject/1300299/,https://img1.doubanio.com/view/photo/s_ratio_poster/public/p1633113220.jpg
15,神探夏洛克：福至如归,9.2,56785,2013-12-24,英国,"剧情,犯罪,悬疑,惊悚","['本尼迪克特·康伯巴奇', '马丁·弗瑞曼', '鲁珀特·格雷夫斯', '露易丝·布瑞丽', '乔纳森·阿里斯', '马克·加蒂斯']",https://movie.douban.com/subject/25798411/,https://img3.doubanio.com/view/photo/s_ratio_poster/public/p2870609453.jpg
16,第六感,8.9,631855,1999-08-06,美国,"剧情,悬疑,惊悚","['布鲁斯·威利斯', '海利·乔·奥斯蒙', '托妮·科莱特', '奥莉维亚·威廉姆斯', '唐尼·沃尔伯格', '特拉沃·摩根', '彼得·安东尼·唐伯蒂斯', '格伦·菲茨杰拉德', '米莎·巴顿', '法尔德斯·巴姆']",https://movie.douban.com/subject/1297630/,https://img9.doubanio.com/view/photo/s_ratio_poster/public/p2220184425.jpg
17,谍影重重3,8.9,467954,2007-11-15,"美国,德国,法国,英国","动作,悬疑,惊悚","['马特·达蒙', '朱丽娅·斯蒂尔斯', '大卫·斯特雷泽恩', '斯科特·格伦', '帕迪·康斯戴恩', '埃德加·拉米雷兹', '阿尔伯特·芬尼', '琼·艾伦', '克里·约翰逊', '丹尼尔·布鲁赫']",https://movie.douban.com/subject/1578507/,https://img3.doubanio.com/view/photo/s_ratio_poster/public/p792223507.jpg
18,绿里奇迹,8.9,385817,1999-12-10,美国,"犯罪,剧情,奇幻,悬疑","['汤姆·汉克斯', '大卫·摩斯', '迈克·克拉克·邓肯', '邦妮·亨特', '詹姆斯·克伦威尔', '迈克尔·杰特', '格雷厄姆·格林', '道格·休切逊', '山姆·洛克威尔', '巴里·佩珀']",https://movie.douban.com/subject/1300374/,https://img2.doubanio.com/view/photo/s_ratio_poster/public/p767586451.jpg
19,十二怒汉（电视版）,9.5,28429,1954-09-20,美国,"剧情,犯罪,悬疑","['罗伯特·卡明斯', '法兰奇·汤恩', '爱德华·阿诺德', '保罗·哈特曼', '约翰·贝尔', '沃尔特·艾贝尔', '乔治·沃斯科维奇', '约瑟夫·史威尼', '巴特·伯恩斯', '诺曼·费尔']",https://movie.douban.com/subject/10583098/,https://img9.doubanio.com/view/photo/s_ratio_poster/public/p2689773446.jpg
20,追随,8.9,202349,1998-04-24,英国,"犯罪,悬疑,惊悚","['杰里米·西奥伯德', '亚历克斯·霍', '露西·拉塞尔', '约翰·诺兰', '迪克·布拉德塞尔', '吉莉安·艾尔-卡迪', '詹妮弗·安格', '尼古拉斯·卡洛蒂', '达伦·奥曼迪', '盖·格林威']",https://movie.douban.com/subject/1397546/,https://img2.doubanio.com/view/photo/s_ratio_poster/public/p2561545031.jpg
21,洛城机密,8.9,195425,1997-09-19,美国,"剧情,犯罪,悬疑,惊悚","['凯文·史派西', '罗素·克劳', '盖·皮尔斯', '詹姆斯·克伦威尔', '金·贝辛格', '丹尼·德维托', '大卫·斯特雷泽恩', '朗·瑞弗金', '马特·麦考伊', '保罗·吉尔福伊尔']",https://movie.douban.com/subject/1292348/,https://img9.doubanio.com/view/photo/s_ratio_poster/public/p2920548116.jpg
22,看不见的客人,8.8,1427680,2017-09-15,西班牙,"剧情,犯罪,悬疑,惊悚","['马里奥·卡萨斯', '阿娜·瓦格纳', '何塞·科罗纳多', '巴巴拉·莱涅', '弗兰塞斯克·奥雷利亚', '帕科·图斯', '大卫·塞尔瓦斯', '伊尼戈·加斯特西', '圣·耶拉莫斯', '马内尔·杜维索']",https://movie.douban.com/subject/26580232/,https://img9.doubanio.com/view/photo/s_ratio_poster/public/p2498971355.jpg
23,电话谋杀案,8.9,157646,1954-05-29,美国,"犯罪,悬疑,惊悚","['雷·米兰德', '格蕾丝·凯利', '罗伯特·卡明斯', '约翰·威廉姆斯', '安东尼·道森', '利奥·布里特', '帕特里克·艾伦', '乔治·利', '罗温·休斯', '盖·唐尔曼']",https://movie.douban.com/subject/1301231/,https://img3.doubanio.com/view/photo/s_ratio_poster/public/p1205111193.jpg
24,七宗罪,8.8,1053415,1995-09-22,美国,"剧情,犯罪,悬疑,惊悚","['摩根·弗里曼', '布拉德·皮特', '凯文·史派西', '格温妮斯·帕特洛', '安德鲁·凯文·沃克', '约翰·卡西尼', '雷格·E·凯蒂', '李·厄米', '理查德·希夫', '约翰·C·麦金雷']",https://movie.douban.com/subject/1292223/,https://img9.doubanio.com/view/photo/s_ratio_poster/public/p2219586434.jpg
25,哈利·波特与火焰杯,8.8,793968,2005-11-18,"英国,美国","悬疑,奇幻,冒险","['丹尼尔·雷德克里夫', '艾玛·沃森', '鲁伯特·格林特', '迈克尔·刚本', '玛吉·史密斯', '汤姆·费尔顿', '蒂莫西·斯波', '罗伯特·帕丁森', '梁佩诗', '大卫·田纳特']",https://movie.douban.com/subject/1309055/,https://img9.doubanio.com/view/photo/s_ratio_poster/public/p2913456904.jpg
26,告白,8.8,739661,2010-06-05,日本,"剧情,悬疑","['松隆子', '冈田将生', '木村佳乃', '西井幸人', '桥本爱', '芦田爱菜', '三吉彩花', '藤原薰', '井之胁海', '清水尚弥']",https://movie.douban.com/subject/4268598/,https://img9.doubanio.com/view/photo/s_ratio_poster/public/p689520756.jpg
27,神探夏洛克：最后的誓言,9.0,79272,2014-01-12,英国,"剧情,犯罪,悬疑","['本尼迪克特·康伯巴奇', '马丁·弗瑞曼', '鲁珀特·格雷夫斯', '马克·加蒂斯', '尤娜·斯塔布斯', '拉斯·米克尔森', '安德鲁·斯科特', '露易丝·布瑞丽', '阿曼达·阿宾顿', '乔纳森·阿里斯']",https://movie.douban.com/subject/25804790/,https://img1.doubanio.com/view/photo/s_ratio_poster/public/p2164957248.jpg
28,斯隆女士,8.9,134728,2016-11-11,"美国,法国,英国","剧情,悬疑","['杰西卡·查斯坦', '古古·姆巴塔-劳', '约翰·利思戈', '艾丽森·皮尔', '迈克尔·斯图巴', '马克·斯特朗', '杰克·莱西', '道格拉斯·史密斯', '萨姆·沃特森', '迪伦·贝克']",https://movie.douban.com/subject/26703158/,https://img9.doubanio.com/view/photo/s_ratio_poster/public/p2356912156.jpg
29,罗生门,8.8,356441,1950-08-26,日本,"剧情,犯罪,悬疑","['三船敏郎', '京町子', '森雅之', '志村乔', '千秋实', '上田吉二郎', '本间文子', '加东大介']",https://movie.douban.com/subject/1291879/,https://img2.doubanio.com/view/photo/s_ratio_poster/public/p1598883511.jpg
30,名侦探柯南：贝克街的亡灵,8.8,301330,2023-04-04,日本,"动画,冒险,悬疑","['高山南', '山崎和佳奈', '神谷明', '山口胜平', '林原惠美', '岩居由希子', '高木涉', '大谷育江', '绪方惠美', '高乃丽']",https://movie.douban.com/subject/2286642/,https://img3.doubanio.com/view/photo/s_ratio_poster/public/p2890515833.jpg
31,心迷宫,8.7,613052,2015-10-16,中国大陆,"剧情,犯罪,悬疑","['霍卫民', '王笑天', '罗芸', '杨瑜珍', '孙黎', '邵胜杰', '曹西安', '贾致钢', '朱自清', '王梓尘']",https://movie.douban.com/subject/25917973/,https://img1.doubanio.com/view/photo/s_ratio_poster/public/p2926020289.jpg
32,消失的爱人,8.7,1066288,2014-09-26,美国,"剧情,犯罪,悬疑,惊悚","['本·阿弗莱克', '裴淳华', '尼尔·帕特里克·哈里斯', '凯莉·库恩', '泰勒·派瑞', '金·迪肯斯', '米西·派勒', '波伊德·霍布鲁克', '艾米丽·拉塔科斯基', '雪拉·渥德']",https://movie.douban.com/subject/21318488/,https://img9.doubanio.com/view/photo/s_ratio_poster/public/p2221768894.jpg
33,恐怖直播,8.7,724614,2013-07-31,韩国,"剧情,犯罪,悬疑","['河正宇', '李璟荣', '全慧珍', '李大卫', '金弘波', '崔正贤', '崔大勋', '姜信哲', '韩成天', '孙成灿']",https://movie.douban.com/subject/21360417/,https://img9.doubanio.com/view/photo/s_ratio_poster/public/p2016930906.jpg
34,记忆碎片,8.7,665744,2000-09-05,美国,"犯罪,剧情,悬疑,惊悚","['盖·皮尔斯', '凯瑞-安·莫斯', '乔·潘托里亚诺', '小马克·布恩', '拉什·费加', '乔雅·福克斯', '斯蒂芬·托布罗斯基', '哈里特·桑塞姆·哈里斯', '托马斯·列农', '考乐姆·吉斯·雷尼']",https://movie.douban.com/subject/1304447/,https://img3.doubanio.com/view/photo/s_ratio_poster/public/p641688453.jpg
35,电锯惊魂,8.7,608881,2004-01-19,美国,"悬疑,惊悚,恐怖","['雷·沃纳尔', '加利·艾尔维斯', '丹尼·格洛弗', '梁振邦', '迪娜·迈耶', '迈克·巴特斯', '保罗·古德勒支', '迈克尔·爱默生', '本尼托·马丁内斯', '肖妮·史密斯']",https://movie.douban.com/subject/1417598/,https://img9.doubanio.com/view/photo/s_ratio_poster/public/p726839485.jpg
36,蓝白红三部曲之红,8.8,137374,1994-05-12,"法国,波兰,瑞士","剧情,爱情,悬疑","['伊莲娜·雅各布', '让-路易·特兰蒂尼昂', '弗雷德里奎·费德', '让-皮耶·罗利特', '塞缪尔·勒·比汉', '马里恩·斯泰伦斯', '特科·切里奥', '伯纳德·埃斯卡隆', '让·施莱格尔', '埃尔兹别塔·亚辛斯卡']",https://movie.douban.com/subject/1292047/,https://img3.doubanio.com/view/photo/s_ratio_poster/public/p2173726043.jpg
37,公民凯恩,8.8,132331,1941-09-05,美国,"剧情,悬疑","['奥逊·威尔斯', '约瑟夫·科顿', '多萝西·康明戈尔', '阿格妮丝·摩尔海德', '埃弗雷特·斯隆', '哈里·香农', '雷·柯林斯', '鲁斯·沃里克', '保罗·斯图尔特']",https://movie.douban.com/subject/1292288/,https://img1.doubanio.com/view/photo/s_ratio_poster/public/p1474928139.jpg
38,蜡笔小新：谜团！花之天下春日部学院,9.0,52357,2021-07-30,日本,"动画,悬疑","['小林由美子', '林玉绪', '广桥凉', '一龙斋贞友', '稻田彻', '龟井芳子', '兴梠里美', '真柴摩利', '森川智之', '村濑步']",https://movie.douban.com/subject/35286583/,https://img1.doubanio.com/view/photo/s_ratio_poster/public/p2666651888.jpg
39,因果报应,8.7,410147,2024-11-29,印度,"动作,犯罪,悬疑","['维杰·西图帕提', '阿努拉格·卡施亚普', '玛玛塔·莫汉达斯', '那塔拉简·苏布拉马尼亚姆', '阿比拉米', '迪维亚·巴拉蒂', '辛加姆普利', '阿鲁多斯', '穆尼什坎特', '萨沙纳·纳米达斯']",https://movie.douban.com/subject/36934908/,https://img1.doubanio.com/view/photo/s_ratio_poster/public/p2915350868.jpg
40,谍影重重2,8.7,397373,2004-11-14,"美国,德国","动作,悬疑,惊悚","['马特·达蒙', '布莱恩·考克斯', '琼·艾伦', '卡尔·厄本', '弗朗卡·波滕特', '朱丽娅·斯蒂尔斯', '加布里埃尔·曼', '马尔顿·索克斯', '汤姆·加洛普', '约翰·贝德福德·劳埃德']",https://movie.douban.com/subject/1308767/,https://img9.doubanio.com/view/photo/s_ratio_poster/public/p667644866.jpg
41,误杀瞒天记,8.7,294258,2022-04-15,印度,"剧情,犯罪,悬疑","['阿贾耶·德乌干', '塔布', '施芮娅·萨兰', '拉贾特·卡普尔', '伊西塔·杜塔', '莫伦诺·贾达夫', '皮拉桑纳·凯特卡尔', '尤盖莎·索南', '帕拉斯莫什·帕拉布', '瑞瑟·查达哈']",https://movie.douban.com/subject/26419637/,https://img9.doubanio.com/view/photo/s_ratio_poster/public/p2870295964.jpg
42,后窗,8.7,232744,1954-08-01,美国,"悬疑,惊悚","['詹姆斯·斯图尔特', '格蕾丝·凯利', '温戴尔·柯瑞', '瑟尔玛·瑞特', '雷蒙德·布尔', '朱迪思·伊夫林', '罗斯·巴格达萨里安', '乔金·达西', '萨拉·伯纳', '弗兰克·卡迪']",https://movie.douban.com/subject/1299080/,https://img2.doubanio.com/view/photo/s_ratio_poster/public/p998913501.jpg
43,迷魂记,8.7,162029,1958-05-09,美国,"爱情,悬疑,惊悚","['詹姆斯·斯图尔特', '金·诺瓦克', '芭芭拉·贝尔·戈迪斯', '汤姆·赫尔莫', '亨瑞·琼斯', '雷蒙德·贝利', '埃伦·科比', '康斯坦丁肖恩', '李·帕特里克', '丹尼·鲍沙其']",https://movie.douban.com/subject/1297294/,https://img9.doubanio.com/view/photo/s_ratio_poster/public/p1275162115.jpg
44,名侦探柯南：通向天国的倒计时,8.7,155808,2001-04-21,日本,"动画,动作,悬疑,惊悚","['高山南', '山崎和佳奈', '神谷明', '山口胜平', '林原惠美', '岩居由希子', '高木涉', '大谷育江', '堀之纪', '立木文彦']",https://movie.douban.com/subject/2357703/,https://img1.doubanio.com/view/photo/s_ratio_poster/public/p453730108.jpg
45,名侦探柯南：世纪末的魔术师,8.7,151878,1999-04-17,日本,"犯罪,动画,悬疑,冒险","['高山南', '山崎和佳奈', '茶风林', '绪方贤一', '盐泽兼人', '神谷明', '林原惠美', '岩居由希子', '高木涉', '大谷育江']",https://movie.douban.com/subject/2279152/,https://img9.doubanio.com/view/photo/s_ratio_poster/public/p453729256.jpg
46,血观音,8.6,552285,2017-10-15,中国台湾,"剧情,悬疑","['惠英红', '吴可熙', '文淇', '柯佳嬿', '陈莎莉', '丁强', '刘尚谦', '林志儒', '王月', '温贞菱']",https://movie.douban.com/subject/27113517/,https://img9.doubanio.com/view/photo/s_ratio_poster/public/p2505008756.jpg
47,源代码,8.6,921130,2011-08-30,"美国,加拿大","科幻,悬疑,惊悚","['杰克·吉伦哈尔', '维拉·法米加', '米歇尔·莫纳汉', '杰弗里·怀特', '拉塞尔·皮特斯', '詹姆斯·A·伍兹', '迈克尔·阿登', '乔·柯布登 ', '卡斯·安瓦尔', '凯尔·盖特豪斯']",https://movie.douban.com/subject/3075287/,https://img9.doubanio.com/view/photo/s_ratio_poster/public/p988260245.jpg
48,彗星来的那一夜,8.6,679223,2013-09-19,"美国,英国","科幻,悬疑,惊悚","['艾米丽·芭尔多尼', '莫瑞·史特林', '尼古拉斯·布兰登', '劳伦·斯卡法莉娅', '伊丽莎白·格瑞斯', '雨果·阿姆斯特朗', '亚历克斯·马努吉安', '劳伦·马赫']",https://movie.douban.com/subject/25807345/,https://img9.doubanio.com/view/photo/s_ratio_poster/public/p2187896734.jpg
49,吸血鬼猎人D,8.9,52714,2000-10-31,"日本,美国","动作,动画,悬疑,奇幻,冒险,恐怖","['田中秀幸', '永井一郎', '山寺宏一', '林原惠美', '筱原惠美', '屋良有作', '大塚芳忠', '关俊彦', '大友龙三郎', '大塚周夫']",https://movie.douban.com/subject/1306982/,https://img3.doubanio.com/view/photo/s_ratio_poster/public/p453851762.jpg
50,谍影重重,8.6,485576,2002-11-21,"美国,德国,捷克","动作,悬疑,惊悚","['马特·达蒙', '弗朗卡·波滕特', '克里斯·库珀', '克里夫·欧文', '朱丽娅·斯蒂尔斯', '布莱恩·考克斯', '阿德沃尔·阿吉纽依-艾格拜吉', '加布里埃尔·曼', '沃尔顿·戈金斯', '约什·汉密尔顿']",https://movie.douban.com/subject/1304102/,https://img2.doubanio.com/view/photo/s_ratio_poster/public/p1597183981.jpg
51,赎罪,8.6,454250,2008-02-22,"英国,法国","剧情,悬疑,爱情,战争","['詹姆斯·麦卡沃伊', '西尔莎·罗南', '凯拉·奈特莉', '本尼迪克特·康伯巴奇', '布兰达·布莱斯', '哈丽特·瓦尔特', '朱诺·坦普尔', '阿尔菲·艾伦', '帕特里克·肯尼迪', '彼得·怀特']",https://movie.douban.com/subject/1950148/,https://img2.doubanio.com/view/photo/s_ratio_poster/public/p2174553771.jpg
52,非常嫌疑犯,8.6,288192,1995-01-25,"德国,美国","犯罪,悬疑,惊悚","['史蒂芬·鲍德温', '加布里埃尔·伯恩', '本尼西奥·德尔·托罗', '凯文·波拉克', '凯文·史派西', '查兹·帕尔明特瑞', '皮特·波斯尔思韦特', '苏茜·爱米斯', '吉安卡罗·埃斯波西托', '丹·哈达亚']",https://movie.douban.com/subject/1292214/,https://img1.doubanio.com/view/photo/s_ratio_poster/public/p2455372830.jpg
53,大卫·戈尔的一生,8.6,258611,2003-02-21,"美国,德国,英国,西班牙","剧情,犯罪,悬疑","['凯文·史派西', '凯特·温斯莱特', '劳拉·琳妮', '加布里埃尔·曼', '梅丽莎·麦卡西', '罗娜·迈特拉', '艾伦·帕克', '吉姆·比弗', '马特·克拉文', '马可·佩雷拉']",https://movie.douban.com/subject/1305725/,https://img1.doubanio.com/view/photo/s_ratio_poster/public/p2186861098.jpg
54,守望者,8.6,238800,2009-03-06,美国,"动作,科幻,悬疑","['帕特里克·威尔森', '卡拉·古奇诺', '比利·克鲁德普', '玛琳·阿克曼', '杰弗里·迪恩·摩根', '马修·古迪', '杰基·厄尔·哈利', '马特·弗里沃', '史蒂芬·麦克哈蒂', '劳拉·门内尔']",https://movie.douban.com/subject/1972698/,https://img3.doubanio.com/view/photo/s_ratio_poster/public/p1663601927.jpg
55,尼罗河上的惨案,8.6,190925,1978-09-29,英国,"剧情,犯罪,悬疑","['彼得·乌斯蒂诺夫', '简·伯金', '洛伊丝·奇利斯', '贝蒂·戴维斯', '米娅·法罗', '乔·芬奇', '奥丽维娅·赫西', 'I·S·乔哈尔', '乔治·肯尼迪', '安吉拉·兰斯伯瑞']",https://movie.douban.com/subject/1302100/,https://img1.doubanio.com/view/photo/s_ratio_poster/public/p2366278130.jpg
56,东方快车谋杀案,8.6,181357,1974-11-24,英国,"剧情,犯罪,悬疑","['阿尔伯特·芬尼', '劳伦·白考尔', '马丁·鲍尔萨姆', '英格丽·褒曼', '杰奎琳·比塞特', '让-皮埃尔·卡塞尔', '肖恩·康纳利', '约翰·吉尔古德', '温蒂·希勒', '安东尼·博金斯']",https://movie.douban.com/subject/1292699/,https://img3.doubanio.com/view/photo/s_ratio_poster/public/p1948648367.jpg
57,名侦探柯南：计时引爆摩天楼,8.6,159743,1997-04-19,日本,"动画,悬疑","['高山南', '山口胜平', '山崎和佳奈', '神谷明', '盐泽兼人', '绪方贤一', '茶风林', '岩居由希子', '高木涉', '大谷育江']",https://movie.douban.com/subject/1439579/,https://img1.doubanio.com/view/photo/s_ratio_poster/public/p2926763729.jpg
58,恐怖游轮,8.5,983622,2009-10-16,"英国,澳大利亚","科幻,悬疑,奇幻,惊悚","['梅利莎·乔治', '迈克尔·多曼', '利亚姆·海姆斯沃斯', '瑞秋·卡帕尼', '亨利·尼克松', '艾玛·朗', '约书亚·麦基弗', '杰克·泰勒', '布莱恩·普罗贝茨']",https://movie.douban.com/subject/3011051/,https://img9.doubanio.com/view/photo/s_ratio_poster/public/p462470694.jpg
59,神探,8.5,343654,2008-02-22,中国香港,"动作,犯罪,悬疑,惊悚","['刘青云', '安志杰', '林家栋', '林熙蕾', '李国麟', '李彩宁', '陈慧珊', '林雪', '张兆辉', '刘锦玲']",https://movie.douban.com/subject/2027938/,https://img1.doubanio.com/view/photo/s_ratio_poster/public/p1349162079.jpg
60,小姐,8.5,569547,2016-05-14,韩国,"剧情,悬疑,情色,同性","['金敏喜', '金泰梨', '河正宇', '赵震雄', '文素利', '金海淑', '李龙女', '李东辉', '赵恩亨', '丁夏潭']",https://movie.douban.com/subject/25977027/,https://img9.doubanio.com/view/photo/s_ratio_poster/public/p2355555424.jpg
61,网络谜踪,8.5,562260,2018-12-14,"美国,俄罗斯","剧情,犯罪,悬疑,惊悚","['约翰·赵', '米切尔·拉', '黛博拉·梅辛', '约瑟夫·李', '萨拉·米博·孙', '亚历克丝·杰恩·高', '刘玥辰', '刘卡雅', '多米尼克·霍夫曼', '西尔维亚·米纳西安']",https://movie.douban.com/subject/27615441/,https://img1.doubanio.com/view/photo/s_ratio_poster/public/p2542848758.jpg
62,心理游戏,8.8,49768,2004-08-07,日本,"动画,冒险,喜剧,悬疑","['今田耕司', '藤井隆', '山口智充', '前田沙耶香', '西凛太郎', '布鲁斯·洛克']",https://movie.douban.com/subject/1477916/,https://img9.doubanio.com/view/photo/s_ratio_poster/public/p453762724.jpg
63,月球,8.5,293760,2009-01-23,"英国,美国","剧情,科幻,悬疑","['山姆·洛克威尔', '凯文·史派西', '多米妮克·麦克艾丽戈特', '卡雅·斯考达里奥', '王汉斌', '马特·贝里', '马尔科姆·斯图尔特', '罗宾·查克', '玛丽·泰勒·摩尔']",https://movie.douban.com/subject/3073124/,https://img9.doubanio.com/view/photo/s_ratio_poster/public/p449399746.jpg
64,一级恐惧,8.5,260174,1996-04-03,美国,"剧情,犯罪,悬疑","['理查·基尔', '爱德华·诺顿', '劳拉·琳妮', '约翰·马奥尼', '阿尔法·伍达德', '弗兰西斯·麦克多蒙德', '特瑞·欧奎恩', '安德鲁·布劳尔', '斯蒂文·鲍尔', '乔·斯帕诺']",https://movie.douban.com/subject/1296217/,https://img3.doubanio.com/view/photo/s_ratio_poster/public/p1150407027.jpg
65,刺杀肯尼迪,8.8,45981,1991-12-20,"美国,法国","传记,剧情,历史,悬疑,惊悚","['凯文·科斯特纳', '茜茜·斯派塞克', '汤米·李·琼斯', '乔·佩西', '加里·奥德曼', '凯文·贝肯', '杰克·莱蒙', '唐纳德·萨瑟兰', '马丁·辛', '迈克尔·鲁克']",https://movie.douban.com/subject/1292230/,https://img9.doubanio.com/view/photo/s_ratio_poster/public/p2185846004.jpg
66,焦土之城,8.6,91108,2010-09-03,"加拿大,法国","剧情,战争,悬疑","['卢巴纳·阿兹巴尔', '梅丽莎·德索蒙斯-波林', '马克西姆·高德特', '雷米·吉拉德', '杰基·萨维里斯', '巴亚·贝拉尔', '尤塞夫·什维哈特', '卡里姆·巴宾', '穆罕默德·马吉德']",https://movie.douban.com/subject/4935242/,https://img1.doubanio.com/view/photo/s_ratio_poster/public/p981048348.jpg
67,登堂入室,8.5,189074,2012-10-10,法国,"剧情,悬疑","['法布莱斯·鲁奇尼', '恩斯特·吴默埃', '克里斯汀·斯科特·托马斯', '艾玛纽尔·塞尼耶', '德尼·梅诺谢', '巴斯蒂安·乌盖托', '让-弗朗索瓦·巴尔梅', '友兰达·梦露', '麦赫迪·麦斯卡尔', '让娜·比蒂诺娃']",https://movie.douban.com/subject/6537486/,https://img1.doubanio.com/view/photo/s_ratio_poster/public/p1581587840.jpg
68,潜行者,8.8,42981,1980-05-13,苏联,"剧情,科幻,悬疑","['亚历山大·凯伊达诺夫斯基', '阿丽萨·弗雷因德利赫', '安纳托利·索洛尼岑', '尼古拉·格林科', '纳塔利娅·阿布拉莫娃', '费米·约尔诺', 'E·科斯京', '雷默·伦迪']",https://movie.douban.com/subject/1295656/,https://img3.doubanio.com/view/photo/s_ratio_poster/public/p2327634482.jpg
69,卡里加里博士的小屋,8.9,33727,1920-02-26,德国,"犯罪,悬疑,恐怖","['维尔纳·克劳斯', '康拉德·韦特', '弗里德里希·费赫尔', '丽尔·达戈沃', '汉斯·海因里希·冯·特尔瓦多夫斯基', '鲁道夫·莱廷格', '鲁道夫·克莱恩-鲁格', 'Ludwig Rex', '艾莎·瓦格纳']",https://movie.douban.com/subject/1292547/,https://img1.doubanio.com/view/photo/s_ratio_poster/public/p2191024349.jpg
70,名侦探柯南：迷宫的十字路口,8.5,169962,2024-12-27,日本,"动画,冒险,悬疑","['高山南', '堀川亮', '山口胜平', '山崎和佳奈', '宫村优子', '神谷明', '绪方贤一', '林原惠美', '岩居由希子', '高木涉']",https://movie.douban.com/subject/2357707/,https://img3.doubanio.com/view/photo/s_ratio_poster/public/p2916591242.jpg
71,巴斯特·斯克鲁格斯的歌谣,8.5,155522,2018-08-31,美国,"剧情,喜剧,爱情,西部,悬疑,歌舞","['哈利·米尔林', '佐伊·卡赞', '连姆·尼森', '詹姆斯·弗兰科', '大卫·克朗姆霍茨', '汤姆·威兹', '克兰西·布朗', '蒂姆·布雷克·尼尔森', '布莱丹·格里森', '比尔·赫克']",https://movie.douban.com/subject/26952704/,https://img3.doubanio.com/view/photo/s_ratio_poster/public/p2539127687.jpg
72,王牌对王牌,8.5,143693,1998-07-29,"美国,德国","动作,犯罪,剧情,悬疑,惊悚","['塞缪尔·杰克逊', '凯文·史派西', '大卫·摩斯', '朗·瑞弗金', '约翰·斯宾塞', 'J·T·沃尔什', '希芳·法隆', '保罗·吉亚玛提', '雷吉娜·泰勒', '迈克尔·库立兹']",https://movie.douban.com/subject/1293434/,https://img1.doubanio.com/view/photo/s_ratio_poster/public/p1971419890.jpg
73,名侦探柯南：瞳孔中的暗杀者,8.5,134903,2000-04-22,日本,"动画,冒险,犯罪,剧情,悬疑","['茶风林', '千叶一伸', '百百麻子', '江川央生', '深见梨加', '林原惠美', '井上和彦', '岩居由希子', '神谷明', '加濑康之']",https://movie.douban.com/subject/2357701/,https://img9.doubanio.com/view/photo/s_ratio_poster/public/p453729514.jpg
74,疯狂动物城2,8.4,672668,2025-11-26,美国,"喜剧,犯罪,动画,悬疑,冒险","['金妮弗·古德温', '杰森·贝特曼', '关继威', '福琼·费姆斯特', '安迪·萨姆伯格', '大卫·斯特雷泽恩', '夏奇拉', '伊德瑞斯·艾尔巴', '帕特里克·沃伯顿', '昆塔·布伦森']",https://movie.douban.com/subject/26817136/,https://img1.doubanio.com/view/photo/s_ratio_poster/public/p2926605350.jpg
75,穆赫兰道,8.4,503224,2001-05-16,"法国,美国","剧情,悬疑,惊悚","['娜奥米·沃茨', '劳拉·哈灵', '安·米勒', '贾斯汀·塞洛克斯', '斯科特·科菲', '梅利莎·乔治', '布兰特·布里斯科', '罗伯特·福斯特', '凯瑟琳·汤', '李·格兰特']",https://movie.douban.com/subject/1292217/,https://img3.doubanio.com/view/photo/s_ratio_poster/public/p792248233.jpg
76,电锯惊魂2,8.4,248655,2005-10-28,"美国,加拿大","悬疑,惊悚,恐怖","['托宾·贝尔', '肖妮·史密斯', '唐尼·沃尔伯格', '埃里克·克诺德森', '弗兰基·G', '格伦·普拉默', '埃曼妞·沃吉亚', '贝弗利·米切尔', '蒂姆·伯德', '迪娜·迈耶']",https://movie.douban.com/subject/1309045/,https://img1.doubanio.com/view/photo/s_ratio_poster/public/p1421210839.jpg
77,嫌疑人X的献身,8.4,226842,2008-10-04,日本,"犯罪,剧情,悬疑","['福山雅治', '柴崎幸', '堤真一', '松雪泰子', '北村一辉', '金泽美穗', '林刚史', '邓肯', '八木亚希子', '林泰文']",https://movie.douban.com/subject/2369845/,https://img1.doubanio.com/view/photo/s_ratio_poster/public/p698531629.jpg
78,最佳出价,8.4,223879,2013-01-01,意大利,"剧情,爱情,悬疑","['杰弗里·拉什', '吉姆·斯特吉斯', '西尔维娅·侯克斯', '唐纳德·萨瑟兰', '菲利普·杰克森', '德尔莫特·克劳利', '基努娜·斯塔梅尔', '莉亚·科贝德', '肖恩·布坎纳', '濑户叶松']",https://movie.douban.com/subject/7059671/,https://img9.doubanio.com/view/photo/s_ratio_poster/public/p2039855496.jpg
79,魔鬼代言人,8.4,197025,1997-10-17,"美国,德国","剧情,悬疑,惊悚","['基努·里维斯', '阿尔·帕西诺', '查理兹·塞隆', '杰弗里·琼斯', '朱迪思·爱薇', '康妮·尼尔森', '格雷格·T·尼尔森', '塔马拉·图尼', '鲁本·桑地亚哥-哈德森', '德布拉·蒙克']",https://movie.douban.com/subject/1298909/,https://img3.doubanio.com/view/photo/s_ratio_poster/public/p1695005982.jpg
80,换子疑云,8.4,175817,2008-10-31,美国,"剧情,悬疑,惊悚","['安吉丽娜·朱莉', '盖特林·格里菲斯', '米歇尔·冈', '约翰·马尔科维奇', '科鲁姆·费奥瑞', '杰弗里·多诺万', '迈克尔·凯利', '艾米·莱安', '丹尼斯·欧哈拉', '瑞琪·琳德赫姆']",https://movie.douban.com/subject/2028666/,https://img9.doubanio.com/view/photo/s_ratio_poster/public/p2928184524.jpg
81,狗镇,8.4,163718,2003-05-19,"丹麦,瑞典,挪威,芬兰,英国,法国,德国,荷兰,意大利","剧情,悬疑,惊悚","['妮可·基德曼', '哈里特·安德森', '劳伦·白考尔', '保罗·贝坦尼', '詹姆斯·肯恩', '派翠西娅·克拉克森', '杰瑞米·戴维斯', '菲利普·贝克·霍尔', '汤姆·霍夫曼', '希芳·法隆']",https://movie.douban.com/subject/1298759/,https://img3.doubanio.com/view/photo/s_ratio_poster/public/p2457169802.jpg
82,烈日灼心,8.3,764567,2015-08-27,中国大陆,"剧情,犯罪,悬疑","['邓超', '段奕宏', '郭涛', '王珞丹', '吕颂贤', '高虎', '白柳汐', '杜志国', '王砚辉', '李晓川']",https://movie.douban.com/subject/24719063/,https://img1.doubanio.com/view/photo/s_ratio_poster/public/p2262236348.jpg
83,黑洞频率,8.4,141732,2000-04-28,美国,"科幻,犯罪,悬疑","['丹尼斯·奎德', '吉姆·卡维泽', '肖恩·多伊尔', '伊丽莎白·米切尔', '诺亚·艾默里奇', '梅利莎·埃里科', '丹尼尔·汉森', '约旦·布里奇斯', '斯蒂芬·约菲', '杰克·麦科马克']",https://movie.douban.com/subject/1294183/,https://img3.doubanio.com/view/photo/s_ratio_poster/public/p812857342.jpg
84,超时空接触,8.4,129750,1997-07-11,美国,"剧情,科幻,悬疑,惊悚","['朱迪·福斯特', '吉娜·马隆', '大卫·摩斯', '杰弗里·布莱克', '威廉·菲克纳', '蒂莫西·麦克尼尔', '马修·麦康纳', '汤姆·斯凯里特', '亨利斯·特罗齐尔', '马克斯·马蒂尼']",https://movie.douban.com/subject/1295647/,https://img1.doubanio.com/view/photo/s_ratio_poster/public/p453499268.jpg
85,银翼杀手2049,8.3,567915,2017-10-27,"美国,英国,加拿大,西班牙","剧情,动作,科幻,悬疑,惊悚","['瑞恩·高斯林', '哈里森·福特', '安娜·德·阿玛斯', '西尔维娅·侯克斯', '罗宾·怀特', '杰瑞德·莱托', '戴夫·巴蒂斯塔', '马克·阿诺德', '大卫·达斯马齐连', '麦肯兹·戴维斯']",https://movie.douban.com/subject/10512661/,https://img1.doubanio.com/view/photo/s_ratio_poster/public/p2501864539.jpg
86,异次元骇客,8.4,125943,1999-05-28,"美国,德国","科幻,悬疑,惊悚","['克雷格·比尔克', '阿明·缪勒-斯塔尔', '格瑞辰·摩尔', '文森特·多诺费奥', '丹尼斯·海斯伯特', '斯蒂文·沙博', '里夫·霍顿', '莱昂·里皮', '珍妮特·麦克拉克伦', '布拉德·威廉姆·亨克']",https://movie.douban.com/subject/1300282/,https://img1.doubanio.com/view/photo/s_ratio_poster/public/p1932438619.jpg
87,飞向太空,8.6,46002,1972-03-20,苏联,"剧情,科幻,悬疑","['纳塔莉亚·邦达尔丘克', '多纳塔斯•巴尼奥尼斯', '尤里·贾维特', '弗拉迪斯拉夫·迪沃哲斯基', '尼古拉·格林科', '安纳托利·索洛尼岑', '欧嘉·巴内特']",https://movie.douban.com/subject/1300977/,https://img9.doubanio.com/view/photo/s_ratio_poster/public/p573091524.jpg
88,宿敌,8.5,61632,2022-04-28,印度,"剧情,犯罪,悬疑","['普利特维拉吉·苏库玛兰', '玛玛塔·莫汉达斯', 'Geethi Sangeetha']",https://movie.douban.com/subject/35882880/,https://img9.doubanio.com/view/photo/s_ratio_poster/public/p2874026114.jpg
89,暗花,8.3,120048,1998-01-01,中国香港,"剧情,动作,犯罪,悬疑","['刘青云', '梁朝伟', '邵美琪', '王天林', '卢海鹏', '郑浩南', '林雪', '龙方', '元彬', '方刚']",https://movie.douban.com/subject/1292450/,https://img1.doubanio.com/view/photo/s_ratio_poster/public/p2159683290.jpg
90,双重赔偿,8.5,51549,1944-07-03,美国,"剧情,犯罪,悬疑,惊悚,黑色电影","['弗莱德·麦克莫瑞', '芭芭拉·斯坦威克', '爱德华·罗宾逊', '波特·霍尔', '琼·希瑟', '汤姆·鲍尔斯', '拜伦·巴尔', '理查德·盖恩斯', '福图尼奥·博纳诺瓦', 'John Philliber']",https://movie.douban.com/subject/1293226/,https://img1.doubanio.com/view/photo/s_ratio_poster/public/p1675680930.jpg
91,调音师,8.2,1007227,2019-04-03,印度,"喜剧,犯罪,悬疑,惊悚","['阿尤斯曼·库拉纳', '塔布', '拉迪卡·艾普特', '安尔·德霍万', '马纳夫·维吉', '阿什维尼·卡尔塞卡', '查亚·卡达姆', '萨基尔·侯赛因', '拉什米·阿格德卡', '莫希尼·凯瓦拉曼']",https://movie.douban.com/subject/30334073/,https://img3.doubanio.com/view/photo/s_ratio_poster/public/p2551995207.jpg
92,暴裂无声,8.2,541720,2018-04-04,中国大陆,"剧情,犯罪,悬疑","['宋洋', '姜武', '袁文康', '谭卓', '王梓尘', '安琥', '伊天锴', '陈进', '李亚真']",https://movie.douban.com/subject/26647117/,https://img2.doubanio.com/view/photo/s_ratio_poster/public/p2517333671.jpg
93,罪恶之家,8.3,136328,2015-09-13,英国,"剧情,悬疑","['大卫·休里斯', '米兰达·理查森', '苏菲·兰朵', '肯·斯托特', '芬恩·科尔', '克洛伊·皮里', '凯尔·索列尔', '弗洛拉·尼科尔森', '加里·戴维斯', '旺达·奥普琳斯卡']",https://movie.douban.com/subject/25955491/,https://img3.doubanio.com/view/photo/s_ratio_poster/public/p2371533057.jpg
94,唐人街,8.4,73282,1974-06-20,美国,"犯罪,剧情,悬疑,惊悚","['杰克·尼科尔森', '费·唐纳薇', '约翰·休斯顿', '戴安·拉德', '罗曼·波兰斯基', '布鲁斯·格洛弗', '乔·马特尔', '罗伊·詹森', '吴汉章', '约翰·席勒曼']",https://movie.douban.com/subject/1293889/,https://img3.doubanio.com/view/photo/s_ratio_poster/public/p774377097.jpg
95,天才枪手,8.2,750613,2017-10-13,泰国,"剧情,犯罪,悬疑","['茱蒂蒙·琼查容苏因', '查侬·散顶腾古', '依莎亚·贺苏汪', '披纳若·苏潘平佑', '塔内·瓦拉库努娄', '莎琳拉·托马斯', '伊戈·米基塔斯', '帕辛·宽萨塔彭', '萨哈贾克·波斯安吉特', '坎嘉娜·维耐潘尼']",https://movie.douban.com/subject/27024903/,https://img9.doubanio.com/view/photo/s_ratio_poster/public/p2501863104.jpg
96,母亲,8.3,125271,2009-05-16,韩国,"剧情,犯罪,悬疑,惊悚","['金惠子', '元斌', '晋久', '尹宰文', '全美善', '宋清晨', '千玗嬉', '郑煐禥', '高圭弼', '李美度']",https://movie.douban.com/subject/3036460/,https://img2.doubanio.com/view/photo/s_ratio_poster/public/p1518748581.jpg
97,西北偏北,8.3,124547,1959-07-17,美国,"悬疑,惊悚,冒险","['加里·格兰特', '爱娃·玛丽·森特', '詹姆斯·梅森', '洁茜·罗伊丝·兰迪斯', '里奥.G.卡罗尔', '约瑟芬·哈钦森', '菲利普·奥伯', '马丁·兰道', '亚当·威廉姆斯', '爱德华·普拉特']",https://movie.douban.com/subject/1295872/,https://img2.doubanio.com/view/photo/s_ratio_poster/public/p1769720671.jpg
98,蓝白红三部曲之白,8.3,123994,1994-01-26,"法国,波兰,瑞士","喜剧,剧情,悬疑,爱情","['齐伯尼·查马修瓦斯基', '朱莉·德尔佩', '雅努什·加约斯', '耶日·斯图尔', '亚历山大·巴尔迪尼', '格热戈日·瓦寇', '采扎里·哈拉西摩威奇', '耶日·诺瓦克', '杰吉·特雷拉', '采扎里·帕祖拉']",https://movie.douban.com/subject/1292049/,https://img9.doubanio.com/view/photo/s_ratio_poster/public/p1604838524.jpg
99,孤儿怨,8.2,529540,2009-07-24,"美国,加拿大,德国,法国","悬疑,惊悚,恐怖","['维拉·法米加', '彼得·萨斯加德', '伊莎贝拉·弗尔曼', '希·庞德', '吉米·本内特', '玛格·马丁戴尔', '卡瑞尔·罗登', '阿娅娜·恩吉妮尔', '萝丝玛丽·邓斯莫尔', '杰米·杨']",https://movie.douban.com/subject/3011308/,https://img3.doubanio.com/view/photo/s_ratio_poster/public/p1592298962.jpg
100,目击者之追凶,8.2,208393,2017-03-31,中国台湾,"犯罪,悬疑,惊悚","['庄凯勋', '许玮甯', '柯佳嬿', '李铭顺', '李淳', '陈彦允', '郑志伟', '汤志伟', '马力欧', '张昌缅']",https://movie.douban.com/subject/11600078/,https://img3.doubanio.com/view/photo/s_ratio_poster/public/p2494647817.jpg
101,蝴蝶梦,8.3,108645,1940-03-21,美国,"剧情,爱情,悬疑","['劳伦斯·奥利弗', '琼·芳登', '乔治·桑德斯', '朱迪丝·安德森', '奈杰尔·布鲁斯', '莱吉纳德·戴尼', 'C.奥布雷·史密斯', '格拉黛丝·库珀', '梅尔维尔·库珀', '里奥.G.卡罗尔']",https://movie.douban.com/subject/1293824/,https://img9.doubanio.com/view/photo/s_ratio_poster/public/p1071757804.jpg
102,老男孩,8.2,331529,2003-11-21,韩国,"剧情,动作,悬疑,惊悚","['崔岷植', '刘智泰', '姜惠贞', '金秉玉', '吴达洙', '李胜欣', '尹珍序', '池大汉', '吴泰景', '柳演锡']",https://movie.douban.com/subject/1308865/,https://img1.doubanio.com/view/photo/s_ratio_poster/public/p2166892850.jpg
103,小岛惊魂,8.2,328862,2001-08-10,"美国,西班牙,法国,意大利","剧情,悬疑,恐怖","['妮可·基德曼', '菲奥纽拉·弗拉纳根', '克里斯托弗·埃克莱斯顿', '阿拉济纳·曼恩', '詹姆斯·本特利', '埃里克·赛克斯', '伊莲·卡西迪', '勒妮·阿舍森', '戈登·雷德', '基思·艾伦']",https://movie.douban.com/subject/1301459/,https://img9.doubanio.com/view/photo/s_ratio_poster/public/p492298664.jpg
104,我，机器人,8.2,304155,2004-07-16,"美国,德国","动作,悬疑,科幻,惊悚","['威尔·史密斯', '布里吉特·莫伊纳汉', '艾伦·图代克', '詹姆斯·克伦威尔', '布鲁斯·格林伍德', '阿德里安·里卡德', '齐·麦克布赖德', '杰瑞·瓦塞尔曼', '菲奥娜·霍根', '彼得·新田']",https://movie.douban.com/subject/1308843/,https://img9.doubanio.com/view/photo/s_ratio_poster/public/p691069814.jpg
105,放大,8.4,62493,1966-12-18,"英国,意大利","剧情,悬疑,惊悚","['瓦妮莎·雷德格雷夫', '莎拉·米尔斯', '戴维·海明斯', '约翰·卡索', '简·伯金', '吉莲·希尔斯', '彼得·鲍勒斯', '范若施卡·冯·兰朵夫', '朱利安·沙格兰', '克洛德·沙格兰']",https://movie.douban.com/subject/1310176/,https://img9.doubanio.com/view/photo/s_ratio_poster/public/p548426395.jpg
106,我是谁：没有绝对安全的系统,8.2,270172,2014-09-25,德国,"犯罪,悬疑,惊悚","['汤姆·希林', '埃利亚斯·穆巴里克', '沃坦·维尔克·默林', '汉娜·赫茨施普龙', '崔娜·蒂虹', '李奥那多·卡劳', '小安托万·莫诺特', '利奥波德·霍尔农', '卡塔琳娜·马茨', '阿尔恩特·施韦林·索瑞']",https://movie.douban.com/subject/25932086/,https://img3.doubanio.com/view/photo/s_ratio_poster/public/p2241265982.jpg
107,十二猴子,8.2,255737,1995-12-08,美国,"科幻,悬疑,惊悚","['布鲁斯·威利斯', '玛德琳·斯托', '布拉德·皮特', '克里斯托弗·普卢默', '大卫·摩斯', '乔恩·塞达', '迈克尔·禅斯', '弗农·坎贝尔', '西蒙·琼斯', '欧内斯特·阿布巴']",https://movie.douban.com/subject/1298744/,https://img1.doubanio.com/view/photo/s_ratio_poster/public/p627041570.jpg
108,热泪伤痕,8.7,28068,1995-03-24,美国,"剧情,悬疑,惊悚","['凯西·贝茨', '克里斯托弗·普卢默', '大卫·斯特雷泽恩', '詹妮弗·杰森·李', '朱迪·帕瑞福特', '约翰·C·赖利', '鲁思·马歇尔', '艾伦·穆斯', '鲍勃·冈顿']",https://movie.douban.com/subject/1293046/,https://img1.doubanio.com/view/photo/s_ratio_poster/public/p2151462240.jpg
109,热血警探,8.2,212799,2007-02-14,"英国,法国,美国","喜剧,犯罪,悬疑","['西蒙·佩吉', '尼克·弗罗斯特', '马丁·弗瑞曼', '比尔·奈伊', '提摩西·道尔顿', '吉姆·布劳德本特', '罗伯特·波珀', '乔·考尼什', '克里斯·维特', '比莉·怀特劳']",https://movie.douban.com/subject/1806555/,https://img1.doubanio.com/view/photo/s_ratio_poster/public/p1774982769.jpg
110,405谋杀案,8.5,23300,1980-05-11,中国大陆,"悬疑,惊悚","['仲星火', '徐敏', '严翔', '史久峰', '吴喜千', '张嬿', '祁明远', '牛犇', '沈耀庭', '陈烨']",https://movie.douban.com/subject/1303698/,https://img9.doubanio.com/view/photo/s_ratio_poster/public/p2536334356.jpg
111,金色梦乡,8.3,89310,2010-01-30,日本,"剧情,悬疑","['堺雅人', '竹内结子', '吉冈秀隆', '剧团一人', '香川照之', '柄本明', '滨田岳', '涩川清彦', '柳原晴郎', '大森南朋']",https://movie.douban.com/subject/3660428/,https://img9.doubanio.com/view/photo/s_ratio_poster/public/p2208009845.jpg
112,爱德华大夫,8.3,74588,1945-12-28,美国,"爱情,悬疑,黑色电影","['英格丽·褒曼', '格利高里·派克', '迈克尔·契诃夫', '里奥.G.卡罗尔', '朗达·弗莱明', '约翰·埃默里', '诺曼·劳埃德', '比尔·戈德温', '史蒂文·杰雷', '唐纳德·柯蒂斯']",https://movie.douban.com/subject/1293973/,https://img1.doubanio.com/view/photo/s_ratio_poster/public/p1884306259.jpg
113,利刃出鞘,8.1,884153,2019-11-29,美国,"剧情,喜剧,犯罪,悬疑","['丹尼尔·克雷格', '安娜·德·阿玛斯', '克里斯·埃文斯', '杰米·李·柯蒂斯', '迈克尔·珊农', '唐·约翰逊', '托妮·科莱特', '勒凯斯·斯坦菲尔德', '克里斯托弗·普卢默', '凯瑟琳·兰福德']",https://movie.douban.com/subject/30318116/,https://img3.doubanio.com/view/photo/s_ratio_poster/public/p2574172427.jpg
114,关于我和鬼变成家人的那件事,8.1,483790,2022-11-17,中国台湾,"喜剧,悬疑,奇幻,同性","['许光汉', '林柏宏', '王净', '蔡振南', '王满娇', '庹宗华', '马念先', '郑志伟', '李至正', '陈彦佐']",https://movie.douban.com/subject/35698284/,https://img9.doubanio.com/view/photo/s_ratio_poster/public/p2881995796.jpg
115,云图,8.1,413706,2013-01-31,"美国,德国,中国香港,新加坡,中国大陆,英国,西班牙","剧情,科幻,悬疑","['汤姆·汉克斯', '哈莉·贝瑞', '吉姆·布劳德本特', '雨果·维文', '吉姆·斯特吉斯', '裴斗娜', '本·卫肖', '詹姆斯·达西', '周迅', '凯斯·大卫']",https://movie.douban.com/subject/3530403/,https://img9.doubanio.com/view/photo/s_ratio_poster/public/p1719175505.jpg
116,名侦探柯南：第十四个目标,8.2,119635,1998-04-18,日本,"动画,悬疑","['高山南', '山崎和佳奈', '神谷明', '山口胜平', '茶风林', '盐泽兼人', '高木涉', '岩居由希子', '大谷育江', '绪方贤一']",https://movie.douban.com/subject/2357699/,https://img2.doubanio.com/view/photo/s_ratio_poster/public/p1954017381.jpg
117,东方快车谋杀案,8.3,66949,2010-07-11,英国,"剧情,犯罪,悬疑","['大卫·苏切', '艾琳·阿特金斯', '杰西卡·查斯坦', '玛丽-乔西·克罗兹', '大卫·莫瑞瑟', '芭芭拉·赫希', '苏珊娜·洛塔尔', '德尼·梅诺谢', '塞尔奇·哈赛纳维奇', '托比·琼斯']",https://movie.douban.com/subject/4179012/,https://img1.doubanio.com/view/photo/s_ratio_poster/public/p2172410560.jpg
118,燃烧,8.1,438878,2018-05-16,韩国,"剧情,犯罪,悬疑","['刘亚仁', '史蒂文·元', '全钟瑞', '金秀京', '崔承浩', '玉子妍', '赵勇俊', '张元亨', '文成根', '李仲玉']",https://movie.douban.com/subject/26842702/,https://img1.doubanio.com/view/photo/s_ratio_poster/public/p2520095279.jpg
119,阳光下的罪恶,8.3,65079,1982-02-12,英国,"犯罪,悬疑","['彼得·乌斯蒂诺夫', '玛吉·史密斯', '科林·布莱克利', '黛安娜·里格', '丹尼斯·奎利', '埃米莉·霍恩', '罗迪·麦克道尔', '詹姆斯·梅森', '尼古拉斯·克莱', '简·伯金']",https://movie.douban.com/subject/1300266/,https://img9.doubanio.com/view/photo/s_ratio_poster/public/p2173899536.jpg
120,招魂,8.1,397294,2013-06-08,美国,"悬疑,惊悚,恐怖","['维拉·法米加', '帕特里克·威尔森', '莉莉·泰勒', '朗·里维斯顿', '珊莉·卡斯韦尔', '哈蕾·麦克法兰', '乔伊·金', '麦肯吉·弗依', '凯拉·迪弗', '山农·库克']",https://movie.douban.com/subject/3804629/,https://img3.doubanio.com/view/photo/s_ratio_poster/public/p1936517673.jpg
121,谜一样的双眼,8.2,102683,2009-08-13,"阿根廷,西班牙","剧情,爱情,犯罪,悬疑","['里卡多·达林', '索蕾达·维拉米尔', '巴勃罗·拉戈', '哈维尔·戈迪诺', '古勒莫·法兰塞拉', '何塞·路易斯·加尔西', '卡拉·奎沃多', '曼诺罗·索洛', '费尔南多·帕多']",https://movie.douban.com/subject/4066125/,https://img1.doubanio.com/view/photo/s_ratio_poster/public/p452819688.jpg
122,黑暗面,8.1,251044,2011-09-16,"哥伦比亚,西班牙","剧情,悬疑,惊悚","['基姆·古铁雷斯', '克拉拉·拉戈', '玛蒂娜·加西亚', '亚历山德拉·斯图尔特', '玛利亚·罗德里格斯', '玛瑟拉·玛', '汉姆贝托·多拉多', '胡安·巴普蒂斯塔', '胡里奥·帕琼']",https://movie.douban.com/subject/6536180/,https://img1.doubanio.com/view/photo/s_ratio_poster/public/p2258872500.jpg
123,龙纹身的女孩,8.1,247201,2011-12-12,"美国,瑞典,挪威","剧情,犯罪,悬疑,惊悚","['丹尼尔·克雷格', '鲁妮·玛拉', '克里斯托弗·普卢默', '斯特兰·斯卡斯加德', '史蒂文·伯克夫', '罗宾·怀特', '约里克·范·韦杰宁根', '乔莉·理查德森', '杰拉丁妮·詹姆斯', '戈兰·维什尼奇']",https://movie.douban.com/subject/4206357/,https://img1.doubanio.com/view/photo/s_ratio_poster/public/p1473779689.jpg
124,尼罗河上的惨案,8.5,32459,2004-04-12,英国,"剧情,犯罪,悬疑","['大卫·苏切', '詹姆斯·福克斯', '爱玛·格里菲斯·马琳', '约翰·约瑟夫·菲尔德', '艾米莉·布朗特', '朱迪·帕瑞福特', '黛西·唐洛范', '芭芭拉·弗林', '丹尼尔·莱派恩', '大卫·索尔']",https://movie.douban.com/subject/1427034/,https://img1.doubanio.com/view/photo/s_ratio_poster/public/p2229994399.jpg
125,赛末点,8.1,203603,2005-05-12,"英国,美国,爱尔兰,卢森堡","剧情,爱情,犯罪,悬疑","['乔纳森·莱斯·梅耶斯', '斯嘉丽·约翰逊', '马修·古迪', '艾米莉·莫迪默', '布莱恩·考克斯', '米兰达·莱森', '亚历山大·阿姆斯特朗', '保罗·凯耶', '佩内洛普·威尔顿', '杰弗里·斯特里特菲尔德']",https://movie.douban.com/subject/1433577/,https://img9.doubanio.com/view/photo/s_ratio_poster/public/p685837045.jpg
126,大开眼戒,8.1,199021,1999-07-16,"英国,美国","剧情,悬疑,惊悚,情色","['汤姆·克鲁斯', '妮可·基德曼', '麦迪逊·埃金顿', '杰基·萨维里斯', '西德尼·波拉克', '莱斯利·洛韦', '托德·菲尔德', '迈克尔·多文', '斯凯·杜·蒙特', '兰德尔·保罗']",https://movie.douban.com/subject/1300275/,https://img1.doubanio.com/view/photo/s_ratio_poster/public/p1708137969.jpg
127,电锯惊魂3,8.1,195197,2006-10-27,"美国,加拿大","悬疑,惊悚,恐怖","['托宾·贝尔', '肖妮·史密斯', '安古斯·麦克菲登', '巴哈·索莫克', '唐尼·沃尔伯格', '迪娜·迈耶', '雷·沃纳尔', '姆波·可霍', '贝瑞·弗莱特曼', '雷瑞克·本特']",https://movie.douban.com/subject/1474189/,https://img1.doubanio.com/view/photo/s_ratio_poster/public/p443443408.jpg
128,怪形,8.2,76143,1982-06-25,美国,"科幻,悬疑,恐怖","['库尔特·拉塞尔', '威尔福德·布利姆雷', 'TK·卡特', '大卫·科列侬', '凯斯·大卫', '理查德·戴萨特', '查尔斯·哈拉汉', '理查德·马苏尔', '唐纳德·莫法特', '乔尔·波利斯']",https://movie.douban.com/subject/1296794/,https://img9.doubanio.com/view/photo/s_ratio_poster/public/p449608716.jpg
129,囚徒,8.1,142158,2013-08-30,美国,"剧情,犯罪,悬疑","['休·杰克曼', '杰克·吉伦哈尔', '维奥拉·戴维斯', '玛丽亚·贝罗', '泰伦斯·霍华德', '梅丽莎·里奥', '保罗·达诺', '迪兰·明奈特', '艾琳·格拉西莫维奇', '韦恩·杜瓦尔']",https://movie.douban.com/subject/3592859/,https://img9.doubanio.com/view/photo/s_ratio_poster/public/p2119799056.jpg
130,无双,8.0,979476,2018-09-30,"中国大陆,中国香港","剧情,动作,犯罪,悬疑","['周润发', '郭富城', '张静初', '冯文娟', '廖启智', '周家怡', '王耀庆', '方中信', '高捷', '邢佳栋']",https://movie.douban.com/subject/26425063/,https://img9.doubanio.com/view/photo/s_ratio_poster/public/p2535260806.jpg
131,12怒汉：大审判,8.4,36662,2007-09-07,俄罗斯,"剧情,悬疑","['谢尔盖·马科韦茨基', '尼基塔·米哈尔科夫', '谢尔盖·加尔马什', '瓦连京·佳夫特', '阿列克谢·彼得连科', '尤里·斯托亚诺夫', '谢尔盖·加扎罗夫', '米克哈尔·弗里蒙弗', '奥莱克西·戈尔布诺夫', '谢尔盖·阿尔齐巴舍夫']",https://movie.douban.com/subject/2027899/,https://img1.doubanio.com/view/photo/s_ratio_poster/public/p1296599900.jpg
132,穿靴子的猫2,8.1,122837,2022-12-23,美国,"喜剧,爱情,动画,悬疑,奇幻,冒险,歌舞","['安东尼奥·班德拉斯', '萨尔玛·海耶克', '哈维·吉兰', '弗洛伦丝·皮尤', '约翰·木兰尼', '瓦格纳·马拉', '雷·温斯顿', '萨姆森·卡约', '奥利维娅·科尔曼', '达明·乔伊·伦道夫']",https://movie.douban.com/subject/25868125/,https://img1.doubanio.com/view/photo/s_ratio_poster/public/p2885032978.jpg
133,名侦探柯南：银翼的魔术师,8.1,121780,2004-04-17,日本,"动画,悬疑","['高山南', '山崎和佳奈', '神谷明', '松井菜樱子', '高岛雅罗', '林原惠美', '绪方贤一', '岩居由希子', '高木涉', '大谷育江']",https://movie.douban.com/subject/2357711/,https://img3.doubanio.com/view/photo/s_ratio_poster/public/p1954029893.jpg
134,未知死亡,8.1,116924,2008-12-25,印度,"动作,剧情,悬疑,爱情,惊悚","['阿米尔·汗', '缇努·阿南德', '阿辛', '吉雅·罕', '苏尼尔·格罗弗']",https://movie.douban.com/subject/3397503/,https://img3.doubanio.com/view/photo/s_ratio_poster/public/p480880157.jpg
135,万能钥匙,8.0,414825,2005-07-29,"美国,德国","剧情,悬疑,恐怖","['凯特·哈德森', '吉娜·罗兰兹', '约翰·赫特', '彼得·萨斯加德', '乔伊·布赖恩特', '麦克辛·巴内特', '法隆尼·R·哈里斯', '马龙·泽瑟', '安·达芮普', '迪内·泰勒']",https://movie.douban.com/subject/1418752/,https://img3.doubanio.com/view/photo/s_ratio_poster/public/p810384382.jpg
136,不良教育,8.3,44690,2004-03-19,西班牙,"剧情,犯罪,悬疑,惊悚,同性","['盖尔·加西亚·贝纳尔', '费雷·马丁内兹', '丹尼尔·希梅内斯·卡乔', '路易斯·奥马', '弗朗西斯科·梅斯特', '弗郎西斯科·博伊拉', '胡安·费尔南德斯', '纳乔·佩雷斯', '哈维尔·卡马拉', '阿尔维托·费雷罗']",https://movie.douban.com/subject/1291878/,https://img9.doubanio.com/view/photo/s_ratio_poster/public/p1910921856.jpg
137,人猿星球,8.3,42552,1968-02-08,美国,"冒险,悬疑,科幻","['查尔顿·赫斯顿', '罗迪·麦克道尔', '金·亨特', '莫里斯·埃文斯', '詹姆斯·惠特摩', '詹姆斯·戴利', '琳达·哈里逊', '罗伯特·冈纳', '卢·瓦格纳', '伍德罗夫·帕弗雷']",https://movie.douban.com/subject/1296697/,https://img9.doubanio.com/view/photo/s_ratio_poster/public/p915141074.jpg
138,回归,8.2,57872,2006-03-17,西班牙,"喜剧,犯罪,剧情,悬疑","['佩内洛普·克鲁兹', '卡门·毛拉', '洛拉·杜埃尼亚斯', '布兰卡·波蒂略', '约阿娜·科沃', '丘斯·兰普雷亚维', '安东尼奥·德·拉·托雷', '卡洛斯·布兰科', '玛利亚·迪亚兹', '内乌丝·桑兹']",https://movie.douban.com/subject/1689787/,https://img9.doubanio.com/view/photo/s_ratio_poster/public/p2213137026.jpg
139,前目的地,8.0,238642,2015-01-09,"澳大利亚,美国","科幻,悬疑","['伊桑·霍克', '莎拉·斯努克', '诺亚·泰勒', '弗雷娅·斯塔福', '伊莉斯·詹森', '凯特·沃尔夫', '迈德琳·怀斯特', '亚历克西斯·费尔南德斯', '克里斯托弗·卡比', '罗伯·詹金斯']",https://movie.douban.com/subject/20278505/,https://img9.doubanio.com/view/photo/s_ratio_poster/public/p2219662154.jpg
140,夺魂索,8.1,76826,1948-08-28,美国,"犯罪,悬疑,惊悚","['约翰·道尔', '法利·格兰杰', '詹姆斯·斯图尔特', '伊迪丝·埃文森', '道格拉斯·迪克', '琼·钱德勒', '塞德里克·哈德威克', '康丝坦斯·柯莉儿', '迪克·霍根']",https://movie.douban.com/subject/1301230/,https://img3.doubanio.com/view/photo/s_ratio_poster/public/p2154845412.jpg
141,真相至上,8.3,37693,2008-09-08,美国,"剧情,悬疑","['凯特·贝金赛尔', '马特·狄龙', '维拉·法米加', '安吉拉·贝塞特', '大卫·休默', '阿伦·阿尔达', '诺亚·怀尔', '罗德·拉里', '杰米·谢尔丹', '考特尼·万斯']",https://movie.douban.com/subject/2335122/,https://img1.doubanio.com/view/photo/s_ratio_poster/public/p769052768.jpg
142,漫长的婚约,8.1,72268,2004-10-27,"法国,美国","剧情,悬疑,爱情,战争","['奥黛丽·塔图', '加斯帕德·尤利尔', '多米尼克·皮侬', '安德烈·杜索里埃', '迪基·奥尔加多', '玛丽昂·歌迪亚', '朱迪·福斯特', '让-皮埃尔·达鲁森', '克洛维斯·科尔尼亚克', '德尼·拉旺']",https://movie.douban.com/subject/1292234/,https://img3.doubanio.com/view/photo/s_ratio_poster/public/p803957472.jpg
143,名侦探柯南：侦探们的镇魂歌,8.0,122367,2006-04-15,日本,"动画,悬疑","['高山南', '堀川亮', '神谷明', '山口胜平', '山崎和佳奈', '宫村优子', '松井菜樱子', '林原惠美', '岩居由希子', '高木涉']",https://movie.douban.com/subject/1827955/,https://img9.doubanio.com/view/photo/s_ratio_poster/public/p2249750926.jpg
144,行骗天下JP：浪漫篇,8.1,64498,2019-05-17,日本,"喜剧,悬疑","['长泽雅美', '东出昌大', '小日向文世', '竹内结子', '三浦春马', '江口洋介', '小手伸也', '织田梨沙', '前田敦子', '小栗旬']",https://movie.douban.com/subject/30241102/,https://img1.doubanio.com/view/photo/s_ratio_poster/public/p2549891899.jpg
145,死寂,7.9,328780,2007-03-16,美国,"悬疑,恐怖","['唐尼·沃尔伯格', '安贝·瓦莱塔', '瑞恩·柯万腾', '迈克尔·费尔曼', '鲍勃·冈顿', '劳拉·里根', '朱迪思·罗伯茨', '迪米特里·柴波维特斯基', '凯尔·吉克瑞斯特', '斯蒂夫·亚当斯']",https://movie.douban.com/subject/1895120/,https://img1.doubanio.com/view/photo/s_ratio_poster/public/p1235830609.jpg
146,心慌方,7.9,235333,1997-09-09,加拿大,"科幻,悬疑,惊悚","['妮可·德波儿', '妮基·瓜达尼', '大卫·休莱特', '安德鲁·米勒', '朱利安·瑞钦斯', '韦恩·罗布森', '毛里斯·迪恩·温特']",https://movie.douban.com/subject/1305903/,https://img3.doubanio.com/view/photo/s_ratio_poster/public/p2554538282.jpg
147,招魂2,7.9,223677,2016-06-10,"加拿大,美国,英国","剧情,悬疑,恐怖","['帕特里克·威尔森', '维拉·法米加', '麦迪逊·沃尔夫', '弗兰西丝·奥康纳', '劳伦·埃斯波西托', '本杰明·海格', '帕特里克·麦考利', '西蒙·迈克伯尼', '玛丽亚·多耶·肯尼迪', '西蒙·德兰尼']",https://movie.douban.com/subject/24860563/,https://img9.doubanio.com/view/photo/s_ratio_poster/public/p2360924286.jpg
148,白丝带,8.2,39975,2009-09-17,"德国,奥地利,法国,意大利","剧情,悬疑","['克里斯蒂安·富里道尔', '恩斯特·雅各比', '莉奥妮·贝尼希', '乌尔里希·图库尔', '尤拉西纳·拉尔迪', '费昂·穆特尔特', '迈克尔·克兰茨', '布尔格哈特·克劳斯纳', '斯特菲·库内特', '玛丽亚·德拉格斯']",https://movie.douban.com/subject/2464346/,https://img1.doubanio.com/view/photo/s_ratio_poster/public/p2196608840.jpg
149,群鸟,8.0,87908,1963-03-28,美国,"悬疑,惊悚,灾难","['罗德·泰勒', '杰西卡·坦迪', '苏珊娜·普莱舍特', '蒂比·海德莉', '维罗尼卡·卡维特', '艾塞尔·格里菲斯', '查尔斯·麦格劳', '鲁斯·麦克德维特', '朗尼·查普曼', '乔·马特尔']",https://movie.douban.com/subject/1310175/,https://img3.doubanio.com/view/photo/s_ratio_poster/public/p1493936502.jpg
150,名侦探柯南：章节ONE 变小的名侦探,8.4,25379,2016-12-09,日本,"动画,悬疑","['山口胜平', '高山南', '山崎和佳奈', '林原惠美', '绪方贤一', '小山力也', '高岛雅罗', '岩居由希子', '高木涉', '大谷育江']",https://movie.douban.com/subject/26877406/,https://img1.doubanio.com/view/photo/s_ratio_poster/public/p2505885669.jpg
151,鲸鱼马戏团,8.6,18718,2000-07-12,"匈牙利,意大利,德国,法国","剧情,悬疑","['拉尔斯·鲁道夫', '彼得·菲茨', '汉娜·许古拉', '亚诺什·德尔日', '焦科·罗西奇', '塔马斯·维兹曼', '费伦茨·卡洛伊', '米哈伊·科莫斯', '普吉·霍瓦特', '埃妮克·伯尔彻克']",https://movie.douban.com/subject/1416898/,https://img9.doubanio.com/view/photo/s_ratio_poster/public/p726224656.jpg
152,本能,7.9,176091,1992-03-20,"美国,法国","剧情,悬疑,惊悚","['迈克尔·道格拉斯', '莎朗·斯通', '乔治·杜兹达扎', '珍妮·特里普尔霍恩', '丹尼斯·阿尔恩特', '米彻·佩勒吉', 'Bill Cable', '杰克·麦吉', '斯蒂芬·托布罗斯基', '丹尼尔·冯·巴根']",https://movie.douban.com/subject/1291869/,https://img3.doubanio.com/view/photo/s_ratio_poster/public/p2580938083.jpg
153,祈祷落幕时,7.9,175154,2019-04-12,日本,"剧情,悬疑","['阿部宽', '松岛菜菜子', '沟端淳平', '田中丽奈', '木村绿子', '乌丸节子', '春风亭升太', '音尾琢真', '饭丰万理江', '上杉祥三']",https://movie.douban.com/subject/27040737/,https://img1.doubanio.com/view/photo/s_ratio_poster/public/p2552073598.jpg
154,活埋,7.9,164825,2010-10-01,"西班牙,英国,美国,法国","剧情,悬疑,惊悚","['瑞安·雷诺兹', '何塞·路易斯·加西亚·佩雷斯', '罗伯特·帕特森', '斯蒂芬·托布罗斯基', '萨曼莎·玛西丝', '埃里克·帕拉迪诺', '凯利·罗查', '克里斯·威廉·马丁', '玛丽·伯德桑', '安妮·洛克哈特']",https://movie.douban.com/subject/3819877/,https://img1.doubanio.com/view/photo/s_ratio_poster/public/p598565639.jpg
155,古畑任三郎完结篇 重生之死,9.0,11963,2006-01-03,日本,"犯罪,悬疑","['田村正和', '小林隆', '矢岛健一', '石坂浩二', '石井正则', '西村雅彦', '铃木一朗', '藤原龙也']",https://movie.douban.com/subject/10558405/,https://img1.doubanio.com/view/photo/s_ratio_poster/public/p2155138409.jpg
156,去年在马里昂巴德,8.3,28307,1961-08-29,"法国,意大利","剧情,爱情,悬疑","['德菲因·塞里格', '乔治·阿尔贝塔齐', '萨夏·皮托埃夫', '弗朗索瓦丝·斯皮拉', '达维德·蒙特穆里', '热拉尔·洛林', '弗朗科西斯·博汀', '路思·加西亚-维莱']",https://movie.douban.com/subject/1400240/,https://img9.doubanio.com/view/photo/s_ratio_poster/public/p2186651056.jpg
157,如月疑云,8.0,67606,2007-06-16,日本,"喜剧,悬疑","['小栗旬', '中山裕介', '小出惠介', '塚地武雅', '香川照之', '酒井香奈子', '宍户锭', '米本来辉']",https://movie.douban.com/subject/2361826/,https://img9.doubanio.com/view/photo/s_ratio_poster/public/p655393674.jpg
158,锅匠，裁缝，士兵，间谍,7.9,120545,2011-09-16,"英国,法国,德国","剧情,悬疑,惊悚","['加里·奥德曼', '科林·费尔斯', '汤姆·哈迪', '约翰·赫特', '托比·琼斯', '马克·斯特朗', '本尼迪克特·康伯巴奇', '塞伦·希德', '大卫·丹席克', '斯维特兰娜·库德钦科娃']",https://movie.douban.com/subject/3338851/,https://img3.doubanio.com/view/photo/s_ratio_poster/public/p1202175107.jpg
159,全民目击,7.8,380823,2013-09-13,中国大陆,"剧情,犯罪,悬疑","['孙红雷', '余男', '郭富城', '邓家佳', '赵立新', '佟丽娅', '倪虹洁', '陈思诚', '周韦彤', '廖晓琴']",https://movie.douban.com/subject/11510624/,https://img1.doubanio.com/view/photo/s_ratio_poster/public/p2091289138.jpg
160,亡命天涯,8.1,44911,1994-11-12,美国,"动作,犯罪,剧情,悬疑,惊悚","['哈里森·福特', '汤米·李·琼斯', '雪拉·渥德', '朱丽安·摩尔', '乔·潘托里亚诺', '安德烈亚斯·卡楚拉斯', '杰罗恩·克拉比', '丹尼尔·洛巴克', 'L·斯科特·卡德维尔', 'Tom Wood']",https://movie.douban.com/subject/1297229/,https://img1.doubanio.com/view/photo/s_ratio_poster/public/p805294540.jpg
161,电锯惊魂6,7.9,118690,2009-10-23,"美国,加拿大","悬疑,惊悚,恐怖","['托宾·贝尔', '科斯塔斯·曼迪勒', '马克·罗斯顿', '贝茜·拉塞尔', '肖妮·史密斯', '彼得·奥特布里奇', '雅典娜·卡尔卡尼斯', '萨曼莎·莱摩尔', '坦迪亚·霍华德', '马蒂·莫罗']",https://movie.douban.com/subject/3075983/,https://img3.doubanio.com/view/photo/s_ratio_poster/public/p788637973.jpg
162,惊天魔盗团,7.8,626132,2013-10-10,"美国,法国","剧情,犯罪,悬疑","['杰西·艾森伯格', '艾拉·菲舍尔', '伍迪·哈里森', '戴夫·弗兰科', '马克·鲁法洛', '梅拉尼·罗兰', '摩根·弗里曼', '迈克尔·凯恩', '迈克尔·凯利', '凯特芮娜·巴尔夫']",https://movie.douban.com/subject/6517421/,https://img9.doubanio.com/view/photo/s_ratio_poster/public/p2151336415.jpg
163,杀生,7.8,270618,2012-04-28,中国大陆,"剧情,悬疑","['黄渤', '任达华', '余男', '苏有朋', '马精武', '梁静', '王迅', '戴立忍', '胡晓光', '黄小蕾']",https://movie.douban.com/subject/4176542/,https://img2.doubanio.com/view/photo/s_ratio_poster/public/p2539560111.jpg
164,逃出绝命镇,7.8,438617,2017-01-23,美国,"悬疑,惊悚,恐怖","['丹尼尔·卡卢亚', '艾莉森·威廉姆斯', '凯瑟琳·基纳', '布莱德利·惠特福德', '卡莱伯·兰德里·琼斯', '马库斯·亨德森', '贝蒂·加布里埃尔', '勒凯斯·斯坦菲尔德', '斯蒂芬·鲁特', '里尔·莱尔·哈瓦瑞']",https://movie.douban.com/subject/26688480/,https://img2.doubanio.com/view/photo/s_ratio_poster/public/p2508604641.jpg
165,独行杀手,8.2,32966,1967-10-25,"法国,意大利","犯罪,剧情,悬疑,惊悚","['阿兰·德龙', '弗朗索瓦·佩里埃', '娜塔莉·德龙', '凯茜·罗齐尔', '米歇尔·博斯荣德', '罗伯特·法瓦尔', '雅克·德尚', '凯瑟琳·卓丹']",https://movie.douban.com/subject/1300966/,https://img2.doubanio.com/view/photo/s_ratio_poster/public/p2276173501.jpg
166,撒旦探戈,8.8,13824,1994-02-08,"匈牙利,德国,瑞士","剧情,悬疑","['米哈伊·维格', '普吉·霍瓦特', '拉斯洛·费卢戈希', '艾琳·斯扎基', '奥尔弗雷德·亚劳伊', '彼得·多鲍伊', '班纳·米霍克', '佐坦·卡蒙地', 'Erzsébet Gaál', '米克洛什·B·塞凯伊']",https://movie.douban.com/subject/1422088/,https://img3.doubanio.com/view/photo/s_ratio_poster/public/p2327374507.jpg
167,平原上的夏洛克,7.8,171643,2019-11-29,中国大陆,"剧情,喜剧,悬疑","['徐朝英', '张占义', '宿树合']",https://movie.douban.com/subject/33400376/,https://img9.doubanio.com/view/photo/s_ratio_poster/public/p2574198225.jpg
168,妖夜慌踪,8.1,40818,1997-01-15,"法国,美国","悬疑,惊悚","['比尔·普尔曼', '帕特丽夏·阿奎特', '巴萨扎·盖提', '罗伯特·劳吉亚', '罗伯特·布莱克', '加里·布塞', '露西·巴特勒', '迈克尔·肖姆斯·维尔斯', '理查德·普赖尔', '娜塔莎·格雷格逊·瓦格纳']",https://movie.douban.com/subject/1303459/,https://img1.doubanio.com/view/photo/s_ratio_poster/public/p2040157660.jpg
169,恶魔,8.4,21878,1955-01-29,法国,"剧情,犯罪,悬疑,惊悚","['西蒙·西涅莱', '薇拉·克劳佐', '保罗·默里斯', '夏尔·瓦内尔', '让·布罗沙尔', 'Thérèse Dorny', '米歇尔·塞罗尔', '乔治·沙马拉', '罗贝尔·达尔邦', 'Camille Guérini']",https://movie.douban.com/subject/1293213/,https://img1.doubanio.com/view/photo/s_ratio_poster/public/p773231320.jpg
170,寻枪,7.8,135381,2002-05-09,中国大陆,"犯罪,剧情,悬疑","['姜文', '宁静', '伍宇娟', '刘小宁', '石凉', '韩三平']",https://movie.douban.com/subject/1305224/,https://img9.doubanio.com/view/photo/s_ratio_poster/public/p2184558984.jpg
171,神秘河,7.9,84808,2003-05-23,"美国,澳大利亚","犯罪,剧情,悬疑,惊悚","['西恩·潘', '蒂姆·罗宾斯', '凯文·贝肯', '劳伦斯·菲什伯恩', '马西娅·盖伊·哈登', '劳拉·琳妮', '埃米·罗森', '伊莱·瓦拉赫', '凯文·查普曼', '康勒·帕奥罗']",https://movie.douban.com/subject/1307748/,https://img1.doubanio.com/view/photo/s_ratio_poster/public/p852967070.jpg
172,贵妇失踪记,8.1,36280,1938-11-01,英国,"喜剧,悬疑,惊悚","['玛格丽特·洛克伍德', '迈克尔·雷德格瑞夫', '保罗·卢卡斯', '梅·惠蒂', '西塞尔·帕克', '林登·塔拉维尔', '纳恩顿·韦恩', '巴西尔·拉德福德', '玛丽·克莱尔', '乔姬·韦瑟斯']",https://movie.douban.com/subject/1292760/,https://img1.doubanio.com/view/photo/s_ratio_poster/public/p2155703968.jpg
173,X圣治,8.2,28577,1997-11-06,日本,"犯罪,恐怖,悬疑,惊悚","['役所广司', '萩原圣人', '氏木毅', '中川安奈', '洞口依子', '绪方义博', '大杉涟', '诹访太朗', '田中哲司', '户田昌宏']",https://movie.douban.com/subject/1304665/,https://img1.doubanio.com/view/photo/s_ratio_poster/public/p2609671079.jpg
174,移魂都市,7.9,70888,1998-02-27,澳大利亚,"悬疑,科幻,惊悚","['卢夫斯·塞维尔', '威廉·赫特', '基弗·萨瑟兰', '詹妮弗·康纳利', '布鲁斯·斯宾斯', '科林·弗瑞尔斯', '理查德·奥布里恩', '伊恩·理查森', '大卫·文翰', '梅利莎·乔治']",https://movie.douban.com/subject/1292332/,https://img3.doubanio.com/view/photo/s_ratio_poster/public/p2871324872.jpg
175,电锯惊魂4,7.8,135880,2007-10-26,"美国,加拿大","悬疑,惊悚,恐怖","['托宾·贝尔', '科斯塔斯·曼迪勒', '斯科特·帕特森', '贝茜·拉塞尔', '雷瑞克·本特', '雅典娜·卡尔卡尼斯', '路易斯·费雷拉', '西蒙·雷诺兹', '唐尼·沃尔伯格', '安古斯·麦克菲登']",https://movie.douban.com/subject/1922273/,https://img1.doubanio.com/view/photo/s_ratio_poster/public/p2196982868.jpg
176,战略特勤组,7.9,68022,2011-07-10,美国,"剧情,悬疑,惊悚","['塞缪尔·杰克逊', '凯瑞-安·莫斯', '麦克·辛', '斯蒂芬·鲁特', 'Lora Kojovic', '马丁·多诺万', '吉尔·贝罗斯', '维森特·拉雷斯卡', '布兰登·罗斯', '约书亚·哈尔托']",https://movie.douban.com/subject/2275370/,https://img3.doubanio.com/view/photo/s_ratio_poster/public/p498359093.jpg
177,唐人街探案,7.7,947523,2015-12-31,中国大陆,"喜剧,动作,悬疑","['王宝强', '刘昊然', '佟丽娅', '陈赫', '肖央', '小沈阳', '潘粤明', '马浴柯', '张子枫', '赵英俊']",https://movie.douban.com/subject/26311973/,https://img9.doubanio.com/view/photo/s_ratio_poster/public/p2302930556.jpg
178,电锯惊魂5,7.8,122059,2008-10-24,"美国,加拿大","悬疑,惊悚,恐怖","['托宾·贝尔', '科斯塔斯·曼迪勒', '斯科特·帕特森', '贝茜·拉塞尔', '朱莉·本茨', '梅根·古德', '马克·罗斯顿', '卡尔洛·罗塔', '格雷格·布瑞克', '劳拉·戈登']",https://movie.douban.com/subject/2350904/,https://img3.doubanio.com/view/photo/s_ratio_poster/public/p2197047787.jpg
179,电锯惊魂7,7.8,114699,2010-10-29,"美国,加拿大","悬疑,惊悚,恐怖","['托宾·贝尔', '科斯塔斯·曼迪勒', '贝茜·拉塞尔', '加利·艾尔维斯', '肖恩·派特里克·弗兰纳里', '查德·多纳拉', '吉娜·赫尔顿', '劳伦斯·安东尼', '迪恩·阿姆斯特朗', '奈奥米·斯尼克斯']",https://movie.douban.com/subject/3878157/,https://img2.doubanio.com/view/photo/s_ratio_poster/public/p639966511.jpg
180,名侦探柯南：水平线上的阴谋,7.8,109037,2005-04-09,日本,"动画,悬疑","['高山南', '山崎和佳奈', '神谷明', '山口胜平', '林原惠美', '岩居由希子', '高木涉', '大谷育江', '松井菜樱子', '绪方贤一']",https://movie.douban.com/subject/2357713/,https://img1.doubanio.com/view/photo/s_ratio_poster/public/p1954012128.jpg
181,猎凶风河谷,7.8,99900,2017-01-21,"英国,加拿大,美国","剧情,犯罪,悬疑","['杰瑞米·雷纳', '伊丽莎白·奥尔森', '凯尔西·阿斯比尔', '茱莉亚·琼斯', '特欧·布里奥尼斯', '阿佩萨纳赫克沃特', '格雷厄姆·格林', '坦图·卡丁诺', '埃里克·兰格', '吉尔·伯明翰']",https://movie.douban.com/subject/26389601/,https://img2.doubanio.com/view/photo/s_ratio_poster/public/p2463178431.jpg
182,大侦探福尔摩斯,7.7,329092,2010-02-25,"美国,德国,英国,澳大利亚","动作,犯罪,悬疑","['小罗伯特·唐尼', '裘德·洛', '瑞秋·麦克亚当斯', '马克·斯特朗', '埃迪·马森', '罗伯特·梅耶', '杰拉丁妮·詹姆斯', '凯利·蕾莉', '威廉·休斯顿', '汉斯·麦瑟逊']",https://movie.douban.com/subject/2998270/,https://img9.doubanio.com/view/photo/s_ratio_poster/public/p1078047854.jpg
183,岁月风云之上海皇帝,8.0,22582,1993-01-22,中国香港,"犯罪,剧情,悬疑","['吕良伟', '郑则仕', '徐锦江', '刘嘉玲', '叶童', '林威', '郭亮', '谢珮诗', '陈景祥', '汤镇业']",https://movie.douban.com/subject/1300575/,https://img9.doubanio.com/view/photo/s_ratio_poster/public/p2043222004.jpg
184,不朽的园丁,7.9,31779,2005-08-31,"英国,德国,美国,中国大陆","剧情,悬疑,惊悚","['拉尔夫·费因斯', '蕾切尔·薇兹', '哈勃·孔黛', '丹尼·赫斯顿', '比尔·奈伊', '唐纳德·桑普特', '雅奇·潘嘉比', '尼克·雷丁', '杰拉德·迈克索利', '朱丽叶特·奥布瑞']",https://movie.douban.com/subject/1419856/,https://img9.doubanio.com/view/photo/s_ratio_poster/public/p824408304.jpg
185,寂静岭,7.7,316937,2006-04-21,"加拿大,法国,日本,美国","悬疑,恐怖","['拉达·米切尔', '肖恩·宾', '劳瑞·侯登', '黛博拉·卡拉·安格', '金·寇兹', '谭雅·艾伦', '艾丽丝·克里奇', '祖蒂·弗兰', '科琳·威廉姆斯', '荣·加百列']",https://movie.douban.com/subject/1466007/,https://img3.doubanio.com/view/photo/s_ratio_poster/public/p554634907.jpg
186,双瞳,7.7,175576,2002-10-25,"中国香港,中国台湾","剧情,犯罪,悬疑,惊悚","['梁家辉', '刘若英', '戴立忍', '大卫·摩斯', '杨贵媚', '林涵', '郎雄', '蔡灿得', '江惠惠', '叶蕙芝']",https://movie.douban.com/subject/1305046/,https://img1.doubanio.com/view/photo/s_ratio_poster/public/p2185662998.jpg
187,剧场版魔法少女小圆 后篇 永远的故事,9.2,8988,2012-10-13,日本,"动画,悬疑,奇幻,惊悚","['悠木碧', '斋藤千和', '水桥香织', '喜多村英梨', '加藤英美里', '野中蓝', '新谷良子', '后藤邑子', '岩永哲哉', '岩男润子']",https://movie.douban.com/subject/10569150/,https://img1.doubanio.com/view/photo/s_ratio_poster/public/p1957621170.jpg
188,无声言证,8.0,39371,1995-09-15,"俄罗斯,英国,德国","悬疑,惊悚,犯罪","['马丽娜·祖金娜', '菲·雷普利', '艾凡·里察斯', '奥列格·扬科夫斯基', 'Igor Volkov', '奥尔佳·托尔斯特斯卡娅', '亚历山大·派特科夫', '弗拉基米尔·萨尔尼科夫', '尼古拉·帕斯图霍夫', '丹尼斯·卡拉索夫']",https://movie.douban.com/subject/1305858/,https://img1.doubanio.com/view/photo/s_ratio_poster/public/p2157014008.jpg
189,时间旅行者的妻子,7.7,256147,2009-08-14,美国,"剧情,奇幻,悬疑,爱情","['瑞秋·麦克亚当斯', '艾瑞克·巴纳', '阿莱克斯·费瑞斯', '艾利斯·霍华德', '米歇尔·诺尔顿', '布鲁克琳·普劳克斯', '朗·里维斯顿', '塔图姆·麦克凯恩', '斯蒂芬·托布罗斯基', '玛吉·卡斯特']",https://movie.douban.com/subject/1885124/,https://img3.doubanio.com/view/photo/s_ratio_poster/public/p480590433.jpg
190,杀人者的记忆法,7.8,88681,2017-09-06,韩国,"剧情,犯罪,悬疑,惊悚","['薛景求', '金南佶', '金雪炫', '吴达洙', '蔡国熙', '郑仁谦', '申基俊', '申隣雅', '黄锡晶', '吉海妍']",https://movie.douban.com/subject/26391916/,https://img1.doubanio.com/view/photo/s_ratio_poster/public/p2502854299.jpg
191,大侦探福尔摩斯2：诡影游戏,7.7,237618,2012-01-15,美国,"动作,犯罪,悬疑","['小罗伯特·唐尼', '裘德·洛', '瑞秋·麦克亚当斯', '劳米·拉佩斯', '斯蒂芬·弗雷', '凯利·蕾莉', '杰瑞德·哈里斯', '杰拉丁妮·詹姆斯', '威廉·休斯顿', '保罗·安德森']",https://movie.douban.com/subject/4051753/,https://img9.doubanio.com/view/photo/s_ratio_poster/public/p1327387815.jpg
192,魔女,7.7,197895,2018-06-27,韩国,"动作,悬疑","['金多美', '赵敏修', '朴熙顺 ', '崔宇植', '高旻示', '吴美姬', '崔政宇', '多恩', '金秉玉', '李柱元']",https://movie.douban.com/subject/26602900/,https://img1.doubanio.com/view/photo/s_ratio_poster/public/p2522814268.jpg
193,藏獒多吉,8.1,16190,2011-07-15,"中国大陆,日本","剧情,动画,悬疑,冒险","['刘婧荦', '阿兰', '芒莱', '赵岭', '周志强', '王博', '张遥函', '赵晓明', '张伟', '李世荣']",https://movie.douban.com/subject/5948613/,https://img9.doubanio.com/view/photo/s_ratio_poster/public/p1095763116.jpg
194,深渊,7.9,49069,1989-08-09,美国,"剧情,科幻,悬疑,惊悚,冒险","['艾德·哈里斯', '玛丽·伊丽莎白·马斯特兰托尼奥', '迈克尔·比恩', '里奥·伯梅斯特', '托德·格拉夫', '约翰·贝德福德·劳埃德', 'J·C·奎因', '金伯利·斯科特', '小基德·布鲁尔', 'George Robert Klek']",https://movie.douban.com/subject/1299560/,https://img3.doubanio.com/view/photo/s_ratio_poster/public/p2209378207.jpg
195,国家宝藏,7.7,163458,2004-11-19,美国,"动作,悬疑,冒险","['尼古拉斯·凯奇', '黛安·克鲁格', '贾斯汀·巴萨', '肖恩·宾', '乔恩·沃伊特', '哈威·凯特尔', '克里斯托弗·普卢默', '大卫·达耶·费舍尔', '斯图华特·芬雷-麦克勒兰', '欧勒格·塔克塔罗夫']",https://movie.douban.com/subject/1308848/,https://img3.doubanio.com/view/photo/s_ratio_poster/public/p664164947.jpg
196,鬼影,7.7,136412,2004-09-09,泰国,"悬疑,惊悚,恐怖","['阿南达·爱华灵咸', '娜特慧兰·塔美', '阿西塔·西卡玛娜', '瓦莎娜·查拉科恩']",https://movie.douban.com/subject/1773217/,https://img9.doubanio.com/view/photo/s_ratio_poster/public/p2170768955.jpg
197,丁丁历险记,7.7,136347,2011-11-15,"美国,新西兰,英国,法国,澳大利亚","动作,动画,悬疑,冒险","['杰米·贝尔', '安迪·瑟金斯', '丹尼尔·克雷格', '西蒙·佩吉', '尼克·弗罗斯特', '加利·艾尔维斯', '托比·琼斯', '彼得·杰克逊', '加德·艾尔马莱', '塞巴斯蒂安·罗奇']",https://movie.douban.com/subject/2028669/,https://img1.doubanio.com/view/photo/s_ratio_poster/public/p1006799889.jpg
198,第三人,8.1,27155,1949-09-03,英国,"黑色电影,悬疑,惊悚","['约瑟夫·科顿', '阿莉达·瓦利', '奥逊·威尔斯', '特瑞沃·霍华德', '伯纳德·李', '保罗·赫尔比格尔', '厄恩斯特·多伊奇', 'Siegfried Breuer', 'Erich Ponto', '维尔弗雷德·海德-怀特']",https://movie.douban.com/subject/1295451/,https://img9.doubanio.com/view/photo/s_ratio_poster/public/p2193745066.jpg
199,断头谷,7.7,128886,1999-11-19,"美国,德国,英国","悬疑,奇幻,恐怖","['约翰尼·德普', '克里斯蒂娜·里奇', '米兰达·理查森', '迈克尔·刚本', '卡斯帕·范·迪恩', '杰弗里·琼斯', '理查德·格雷弗斯', '伊恩·麦克迪阿梅德', '迈克尔·高夫', '克里斯托弗·沃肯']",https://movie.douban.com/subject/1296078/,https://img1.doubanio.com/view/photo/s_ratio_poster/public/p2429986978.jpg
200,冰山上的来客,8.1,15015,1963-02-02,中国大陆,"剧情,悬疑,战争","['梁音', '谷毓英', '恩和森', '张辉', '马陋夫', '阿木都力力提', '阿依夏木', '白德彰', '王春英', '张冲霄']",https://movie.douban.com/subject/1422286/,https://img9.doubanio.com/view/photo/s_ratio_poster/public/p2902828755.jpg
201,捕蝇纸,7.8,63408,2011-01-28,"美国,德国","喜剧,犯罪,悬疑","['帕特里克·德姆西', '艾什莉·贾德', '蒂姆·布雷克·尼尔森', '梅奇·费法', '马特·瑞安', '杰弗里·塔伯', '约翰·文堤米利亚', '普路特·泰勒·文斯', '柯蒂斯·阿姆斯壮', '罗布·许贝尔']",https://movie.douban.com/subject/4132407/,https://img1.doubanio.com/view/photo/s_ratio_poster/public/p1119448570.jpg
202,非常公寓,8.0,32902,1996-07-27,"法国,西班牙,意大利","剧情,悬疑,爱情","['罗曼娜·波琳热', '文森特·卡塞尔', '让-菲利普·艾科菲', '莫妮卡·贝鲁奇', '桑德琳娜·基贝兰', '清水露', '文森特·内梅斯', '伊娃·爱洛尼斯科', '埃德瓦·贝耶', '保罗·帕维尔']",https://movie.douban.com/subject/1299795/,https://img1.doubanio.com/view/photo/s_ratio_poster/public/p581851559.jpg
203,心理游戏,7.7,117011,1997-09-03,美国,"剧情,悬疑,惊悚","['迈克尔·道格拉斯', '西恩·潘', '黛博拉·卡拉·安格', '詹姆斯·瑞布霍恩', '卡罗尔·贝克', 'Jay Gordon', '鲍勃·斯蒂芬森', '童自荣', '约翰·卡西尼', '崔茜·萨默维尔']",https://movie.douban.com/subject/1296384/,https://img9.doubanio.com/view/photo/s_ratio_poster/public/p2371537316.jpg
204,白日焰火,7.6,442720,2014-03-21,中国大陆,"剧情,犯罪,悬疑","['廖凡', '桂纶镁', '王学兵', '王景春', '余皑磊', '倪景阳', '常凯宁', '彭龙', '王英涛', '李彩霞']",https://movie.douban.com/subject/21941804/,https://img1.doubanio.com/view/photo/s_ratio_poster/public/p2174645340.jpg
205,催眠大师,7.6,424807,2014-04-29,中国大陆,"悬疑,惊悚","['徐峥', '莫文蔚', '胡静', '吕中', '王耀庆', '杨凯迪', '韩帅', '蒋佳雨彤', '尹航', '管乐']",https://movie.douban.com/subject/24743711/,https://img1.doubanio.com/view/photo/s_ratio_poster/public/p2181062460.jpg
206,扫毒,7.6,297884,2013-11-29,"中国大陆,中国香港","剧情,动作,犯罪,悬疑","['古天乐', '张家辉', '刘青云', '袁泉', '卢海鹏', '吴廷烨', '林国斌', '卢惠光', '吴岱融', '宝儿']",https://movie.douban.com/subject/10763164/,https://img1.doubanio.com/view/photo/s_ratio_poster/public/p2157480930.jpg
207,窃听风云2,7.6,259088,2011-08-18,"中国香港,中国大陆","剧情,动作,犯罪,悬疑","['古天乐', '刘青云', '吴彦祖', '曾江', '叶璇', '黄奕', '刘浩龙', '胡枫', '骆应钧', '江毅']",https://movie.douban.com/subject/5422105/,https://img9.doubanio.com/view/photo/s_ratio_poster/public/p2075072996.jpg
208,死亡笔记,7.7,104637,2006-06-17,日本,"剧情,犯罪,悬疑,惊悚","['藤原龙也', '松山研一', '香椎由宇', '濑户朝香', '鹿贺丈史', '满岛光', '奥田达士', '阿部亮平', '曹冀鲁', '户田惠梨香']",https://movie.douban.com/subject/1768351/,https://img1.doubanio.com/view/photo/s_ratio_poster/public/p653581198.jpg
209,海市蜃楼,7.6,393106,2019-03-28,西班牙,"科幻,悬疑,惊悚","['阿德里亚娜·乌加特', '奇诺·达林', '阿尔瓦罗·莫特', '诺拉·纳瓦斯', '米格尔·费南德斯', '哈维尔·古铁雷斯', '克拉拉·塞古拉', '米玛·里埃拉', '艾娜·克洛特', '阿尔伯特·佩雷斯']",https://movie.douban.com/subject/30164448/,https://img9.doubanio.com/view/photo/s_ratio_poster/public/p2551172384.jpg
210,分手的决心,7.6,348682,2022-05-23,韩国,"剧情,犯罪,悬疑","['汤唯', '朴海日', '李贞贤', '朴勇宇', '高庚杓', '金信英', '郑永琡', '柳承穆', '朴正民', '徐现宇']",https://movie.douban.com/subject/35073886/,https://img3.doubanio.com/view/photo/s_ratio_poster/public/p2873816122.jpg
211,机动警察剧场版2,9.0,9445,1993-08-07,日本,"动画,剧情,悬疑,科幻,惊悚","['富永美伊奈', '古川登志夫', '大林隆介', '榊原良子', '池水通洋', '二又一成', '乡里大辅', '千叶繁', '阪脩', '西村知道']",https://movie.douban.com/subject/1449328/,https://img3.doubanio.com/view/photo/s_ratio_poster/public/p1137696692.jpg
212,怒,7.7,89605,2016-09-10,日本,"剧情,爱情,悬疑,同性","['渡边谦', '森山未来', '松山研一', '绫野刚', '广濑铃', '泷正则', '三浦贵大', '佐久本宝', '高畑充希', '原日出子']",https://movie.douban.com/subject/26279289/,https://img3.doubanio.com/view/photo/s_ratio_poster/public/p2399174377.jpg
213,机械姬,7.6,236865,2014-12-16,"英国,美国","科幻,悬疑,惊悚","['艾丽西亚·维坎德', '多姆纳尔·格里森', '奥斯卡·伊萨克', '水野索诺娅', '克里·约翰逊', '嘎娜·巴亚尔赛汗', '伊莲娜·艾尔米纳斯', '李仙湖', '黛博拉·罗桑', '乔安娜·希雅']",https://movie.douban.com/subject/4160540/,https://img2.doubanio.com/view/photo/s_ratio_poster/public/p2208934451.jpg
214,局内人,7.7,85226,2006-03-16,美国,"剧情,犯罪,悬疑,惊悚","['丹泽尔·华盛顿', '克里夫·欧文', '朱迪·福斯特', '克里斯托弗·普卢默', '威廉·达福', '切瓦特·埃加福', '金·迪莱克特', '梁振邦', '萨曼夏·艾弗斯', '迈克尔·邓·戴克']",https://movie.douban.com/subject/1441801/,https://img1.doubanio.com/view/photo/s_ratio_poster/public/p528000230.jpg
215,咒怨 录像带版,8.0,29410,2000-03-18,日本,"恐怖,悬疑","['柳忧怜', '三轮明日美', '栗山千明', '大家由祐子', '藤贵子', '小山僚太', '三轮瞳', '松山鹰志', '芦川诚', '优恵']",https://movie.douban.com/subject/1461079/,https://img1.doubanio.com/view/photo/s_ratio_poster/public/p2230107928.jpg
216,轮到你了 特别篇,8.0,29189,2019-06-23,日本,"剧情,悬疑","['原田知世', '田中圭', '浅香航大', '皆川猿时']",https://movie.douban.com/subject/34436407/,https://img1.doubanio.com/view/photo/s_ratio_poster/public/p2560785148.jpg
217,幻影凶间,7.6,183545,2007-06-22,美国,"悬疑,奇幻,恐怖","['约翰·库萨克', '塞缪尔·杰克逊', '托尼·夏尔赫布', '兰·卡琉', '小伊塞亚·维特洛克', '杰西米·杰西卡·安东尼', '玛格特·莱斯特', '沃尔特·刘易斯', '亚历山德拉·西尔伯', '乔翰·厄布']",https://movie.douban.com/subject/1793903/,https://img1.doubanio.com/view/photo/s_ratio_poster/public/p887024730.jpg
218,血迷宫,7.8,49093,1984-09-07,美国,"剧情,犯罪,悬疑,惊悚","['约翰·盖兹', '弗兰西斯·麦克多蒙德', '丹·哈达亚', 'M·埃梅特·沃尔什', 'Deborah Neumann', '巴里·索南菲尔德', 'Loren Bivens', 'Samm-Art Williams', '霍利·亨特']",https://movie.douban.com/subject/1302542/,https://img3.doubanio.com/view/photo/s_ratio_poster/public/p2170091763.jpg
219,咒怨,7.6,178368,2002-10-18,日本,"恐怖,悬疑","['奥菜惠', '伊东美咲', '上原美佐', '市川由衣', '津田宽治', '藤贵子', '田中要次', '森下能幸', '榊英雄', '藤真美穗']",https://movie.douban.com/subject/1306808/,https://img3.doubanio.com/view/photo/s_ratio_poster/public/p2410260517.jpg
220,啤酒谋杀案,8.4,15226,2003-12-14,英国,"爱情,犯罪,悬疑","['大卫·苏切', '蕾切尔·斯特灵', '艾丹·吉伦', '托比·斯蒂芬斯', '马克·沃伦', '艾米·穆林斯', '朱莉·考科斯', '杰玛·琼斯', '索菲·温克曼', '妲露拉·莱莉']",https://movie.douban.com/subject/1427038/,https://img9.doubanio.com/view/photo/s_ratio_poster/public/p2219829395.jpg
221,福尔摩斯先生,7.8,46910,2015-02-08,"英国,美国","剧情,犯罪,悬疑","['伊恩·麦克莱恩', '劳拉·琳妮', '真田广之', '米洛·帕克', '哈蒂·莫拉汉', '帕特里克·肯尼迪', '弗朗西斯·德·拉·图瓦', '罗杰·阿拉姆', '菲尔·戴维斯', '科林·斯达克']",https://movie.douban.com/subject/25727048/,https://img3.doubanio.com/view/photo/s_ratio_poster/public/p2268827627.jpg
222,空中营救,7.6,152707,2014-09-19,"英国,法国,美国","动作,悬疑,惊悚,灾难","['连姆·尼森', '朱丽安·摩尔', '斯科特·麦克纳里', '米歇尔·道克瑞', '内特·派克', '寇瑞·斯托尔', '露皮塔·尼永奥', '奥玛尔·梅特瓦利', '杰森·巴特勒·哈纳', '莱纳斯·罗彻']",https://movie.douban.com/subject/10598440/,https://img9.doubanio.com/view/photo/s_ratio_poster/public/p2199638985.jpg
223,吾栖之肤,7.6,146988,2011-08-17,"西班牙,美国","剧情,悬疑,惊悚","['安东尼奥·班德拉斯', '埃伦娜·安纳亚', '玛丽萨·帕雷德斯', '扬·科奈特', '布兰卡·苏亚雷斯', '罗伯托·阿拉莫', '费尔南多·卡约', '爱德华·费尔南德斯', '何塞·路易斯·戈麦斯', '苏西·桑切斯']",https://movie.douban.com/subject/2997052/,https://img1.doubanio.com/view/photo/s_ratio_poster/public/p1221998208.jpg
224,午夜凶铃,7.6,141088,1998-01-31,日本,"悬疑,恐怖","['松岛菜菜子', '真田广之', '竹内结子', '中谷美纪', '佐藤仁美', '松重丰', '志水季里子', '小市慢太郎', '大岛蓉子', '柳忧怜']",https://movie.douban.com/subject/1307696/,https://img1.doubanio.com/view/photo/s_ratio_poster/public/p1324520469.jpg
225,亚人1：冲动,8.6,12157,2015-11-27,日本,"剧情,犯罪,动画,悬疑,惊悚","['宫野真守', '细谷佳正', '大塚芳忠', '樱井孝宏', '小松未可子', '平川大辅', '洲崎绫', '木下浩之', '山本格', '朝井彩加']",https://movie.douban.com/subject/26386465/,https://img1.doubanio.com/view/photo/s_ratio_poster/public/p2267694939.jpg
226,误杀,7.5,973388,2019-12-13,中国大陆,"剧情,犯罪,悬疑","['肖央', '谭卓', '陈冲', '姜皓文', '秦沛', '边天扬', '许文姗', '张熙然', '施名帅', '黄健玮']",https://movie.douban.com/subject/30176393/,https://img3.doubanio.com/view/photo/s_ratio_poster/public/p2614628862.jpg
227,八美图,7.7,63783,2002-02-06,"法国,意大利","喜剧,悬疑,歌舞","['达尼埃尔·达里约', '凯瑟琳·德纳芙', '伊莎贝尔·于佩尔', '芬妮·阿尔丹', '艾曼纽·贝阿', '维吉妮·拉朵嫣', '露德温·塞尼耶', '菲尔米娜·里夏尔', '多米尼克·拉米尔']",https://movie.douban.com/subject/1299292/,https://img3.doubanio.com/view/photo/s_ratio_poster/public/p619021003.jpg
228,三十九级台阶,7.8,43067,1935-08-01,英国,"悬疑,惊悚,犯罪","['罗伯特·多纳特', '玛德琳·卡洛', '露西·曼海姆', '戈弗雷·特尔', '佩吉·阿什克罗福特', '约翰·劳里', '海伦哈耶', '怀利·沃森', '格斯·麦克诺顿', '查尔斯·贝内特']",https://movie.douban.com/subject/1298412/,https://img1.doubanio.com/view/photo/s_ratio_poster/public/p2250578848.jpg
229,机械师,7.6,120162,2004-01-18,"西班牙,法国,英国,美国","剧情,悬疑,惊悚","['克里斯蒂安·贝尔', '詹妮弗·杰森·李', '艾塔娜·桑切斯-希洪', '约翰·沙拉恩', '迈克尔·艾恩塞德', '小拉里·吉拉德', '雷格·E·凯蒂', '安娜·玛西', '马修·罗梅罗·摩尔', '罗伯特·朗']",https://movie.douban.com/subject/1309160/,https://img1.doubanio.com/view/photo/s_ratio_poster/public/p453944400.jpg
230,上海皇帝之雄霸天下,7.9,17960,1993-05-13,中国香港,"犯罪,剧情,悬疑","['吕良伟', '郑则仕', '徐锦江', '刘嘉玲', '叶童', '谢珮诗', '斯琴高娃', '陈景祥', '黄浩义', '郭亮']",https://movie.douban.com/subject/1303170/,https://img9.doubanio.com/view/photo/s_ratio_poster/public/p2528374815.jpg
231,名侦探柯南：漆黑的追踪者,7.6,115735,2010-01-14,日本,"动画,悬疑","['高山南', '山崎和佳奈', '神谷明', '林原惠美', '岩居由希子', '高木涉', '大谷育江', '绪方贤一', '堀川亮', '宫村优子']",https://movie.douban.com/subject/3387546/,https://img1.doubanio.com/view/photo/s_ratio_poster/public/p453744999.jpg
232,疯城记：万圣节特辑,8.7,10927,2010-10-31,英国,"喜剧,悬疑,恐怖","['史蒂夫·佩姆伯顿', '里斯·谢尔史密斯', '艾美达·斯丹顿', '丹尼尔·卡卢亚', '艾琳·阿特金斯', '亚历克斯·沃尔德曼', '唐·弗兰奇', '朱利安·布里奇', '丹尼尔·英格斯', '林碧笙']",https://movie.douban.com/subject/5339081/,https://img1.doubanio.com/view/photo/s_ratio_poster/public/p2926785150.jpg
233,名侦探柯南：天空的遇难船,7.6,112536,2010-04-17,日本,"动作,动画,悬疑","['高山南', '山口胜平', '山崎和佳奈', '小山力也', '堀川亮', '松井菜樱子', '宫村优子', '林原惠美', '绪方贤一', '岩居由希子']",https://movie.douban.com/subject/5153329/,https://img3.doubanio.com/view/photo/s_ratio_poster/public/p2259010597.jpg
234,剧场版魔法少女小圆 前篇 起始的故事,9.0,8715,2012-10-06,日本,"动画,悬疑,奇幻,惊悚","['悠木碧', '斋藤千和', '水桥香织', '喜多村英梨', '加藤英美里', '野中蓝', '新谷良子', '后藤邑子', '岩永哲哉', '岩男润子']",https://movie.douban.com/subject/10174444/,https://img3.doubanio.com/view/photo/s_ratio_poster/public/p1634119717.jpg
235,怪宴,8.1,21143,1976-06-23,美国,"喜剧,悬疑,惊悚,犯罪","['艾琳·布伦南', '杜鲁门·卡波特', '詹姆斯·可可', '彼得·法尔克', '亚历克·吉尼斯', '埃尔莎·兰彻斯特', '大卫·尼文', '彼得·塞勒斯', '玛吉·史密斯', '詹姆斯·克伦威尔']",https://movie.douban.com/subject/1303545/,https://img1.doubanio.com/view/photo/s_ratio_poster/public/p809915309.jpg
236,踏血寻梅,7.5,225742,2015-04-06,中国香港,"剧情,犯罪,悬疑","['郭富城', '春夏', '白只', '谭耀文', '金燕玲', '邵美琪', '李日朗', '杨诗敏', '蔡洁', '吴嘉星']",https://movie.douban.com/subject/25966085/,https://img1.doubanio.com/view/photo/s_ratio_poster/public/p2493424009.jpg
237,红色小提琴,8.2,18045,1998-11-13,"加拿大,意大利,英国","剧情,爱情,悬疑,音乐","['卡洛·切基', '让-吕克·比多', '张艾嘉', 'Christoph Koncz', '杰森·弗莱明', '塞缪尔·杰克逊', '陶虹', '吴珊卓', '王小帅', '刘子枫']",https://movie.douban.com/subject/1294595/,https://img9.doubanio.com/view/photo/s_ratio_poster/public/p1486350295.jpg
238,谍影重重5,7.5,211825,2016-08-23,"美国,中国大陆,西班牙","动作,悬疑,惊悚","['马特·达蒙', '汤米·李·琼斯', '艾丽西亚·维坎德', '文森特·卡塞尔', '朱丽娅·斯蒂尔斯', '里兹·阿迈德', '内芙·加切夫', '比尔·坎普', '斯科特·谢帕德', '小田部明纮']",https://movie.douban.com/subject/26266072/,https://img3.doubanio.com/view/photo/s_ratio_poster/public/p2379032162.jpg
239,魔术师,7.6,96513,2006-01-22,"美国,捷克","剧情,爱情,悬疑","['爱德华·诺顿', '保罗·吉亚玛提', '杰西卡·贝尔', '卢夫斯·塞维尔', '埃迪·马森', '亚伦·泰勒-约翰逊', '埃莉诺·汤姆林森', '维森特·富兰克林', '汤姆·费舍尔', '尼古拉斯·布兰']",https://movie.douban.com/subject/1467044/,https://img3.doubanio.com/view/photo/s_ratio_poster/public/p480484402.jpg
240,沼泽深处的女孩,7.6,92758,2022-11-25,美国,"剧情,爱情,悬疑","['黛西·埃德加-琼斯', '泰勒·约翰·史密斯', '哈里斯·迪金森', '大卫·斯特雷泽恩', '迈克尔·凯悦', '小斯特林·马塞尔', '洛根·麦克雷', '比尔·凯利', '阿娜·欧蕾利', '加瑞特·迪拉胡特']",https://movie.douban.com/subject/35230876/,https://img2.doubanio.com/view/photo/s_ratio_poster/public/p2883601331.jpg
241,奇遇,8.1,20501,1960-05-15,"意大利,法国","剧情,悬疑","['加布里埃尔·费泽蒂', '莫妮卡·维蒂', '蕾雅·马萨利', '多米尼克·布兰查德', '伦佐·里奇', '詹姆斯·亚当斯', '多萝西德珀莉洛', '莱里奥鲁塔兹', '乔万尼·贝特鲁奇', '埃斯梅拉达露丝珀丽']",https://movie.douban.com/subject/1389923/,https://img3.doubanio.com/view/photo/s_ratio_poster/public/p2620583227.jpg
242,八面埋伏,7.6,91741,2004-03-19,"荷兰,英国,美国","犯罪,剧情,悬疑,惊悚","['凯瑟琳·莫里斯', '约翰尼·李·米勒', 'LL Cool J', '克里斯蒂安·史莱特', '方·基默', '帕翠西娅·维拉奎兹', '小克利夫顿·克林斯', '艾恩·贝利', '威尔·坎普', '丹尼尔·布瓦塞万']",https://movie.douban.com/subject/1309064/,https://img1.doubanio.com/view/photo/s_ratio_poster/public/p854543139.jpg
243,爱的成人式,7.7,54110,2015-05-23,日本,"剧情,爱情,悬疑","['松田翔太', '前田敦子', '木村文乃', '三浦贵大', '前野朋哉', '森冈龙', '矢野圣人', '吉谷彩子', '松浦雅', '大西礼芳']",https://movie.douban.com/subject/26140405/,https://img1.doubanio.com/view/photo/s_ratio_poster/public/p2230009009.jpg
244,异教徒,8.0,24193,1973-10-16,英国,"悬疑,恐怖","['爱德华·伍德华德', '克里斯托弗·李', '黛安妮·赛琳托', '布里特·艾克拉诺', '英格丽德·皮特', '林赛·肯普', '拉塞尔·沃特斯', '奥布里·莫里斯', 'Walter Carr', 'Juliet Cadzow']",https://movie.douban.com/subject/1305611/,https://img3.doubanio.com/view/photo/s_ratio_poster/public/p1297560053.jpg
245,达·芬奇密码,7.5,265314,2006-05-19,"美国,马耳他,法国,英国","悬疑,惊悚","['汤姆·汉克斯', '奥黛丽·塔图', '伊恩·麦克莱恩', '让·雷诺', '保罗·贝坦尼', '阿尔弗雷德·莫里纳', '尤尔根·普洛斯诺', '让-伊夫·贝特鲁', '伊什尼·齐科特', '让-皮埃尔·马里埃尔']",https://movie.douban.com/subject/1329950/,https://img1.doubanio.com/view/photo/s_ratio_poster/public/p453938430.jpg
246,火星特快,8.1,20100,2023-05-21,法国,"动作,科幻,动画,悬疑,惊悚","['蕾雅·德吕盖', '马修·阿马立克', '丹尼尔·洛贝', '玛丽·布维', '塞巴斯蒂安·查萨涅', '玛尔特·克勒尔', '吉纳维芙·杜昂', '托马斯·罗迪蒂', '蒂埃里·扬', '塞尔日·法利']",https://movie.douban.com/subject/35691849/,https://img9.doubanio.com/view/photo/s_ratio_poster/public/p2891905146.jpg
247,十二宫,7.5,223105,2007-03-02,美国,"剧情,传记,犯罪,悬疑,惊悚","['杰克·吉伦哈尔', '马克·鲁法洛', '安东尼·爱德华兹', '小罗伯特·唐尼', '布莱恩·考克斯', '约翰·卡洛·林奇', '里奇蒙德·阿奎特', '鲍勃·斯蒂芬森', '约翰·莱西', '科洛·塞维尼']",https://movie.douban.com/subject/1781126/,https://img3.doubanio.com/view/photo/s_ratio_poster/public/p470486287.jpg
248,利刃出鞘3,7.6,79619,2025-09-06,美国,"剧情,喜剧,犯罪,悬疑,惊悚","['丹尼尔·克雷格', '乔什·奥康纳', '格伦·克洛斯', '乔什·布洛林', '米拉·库尼斯', '杰瑞米·雷纳', '凯丽·华盛顿', '安德鲁·斯科特', '卡莉·史派妮', '达利尔·麦克科马克']",https://movie.douban.com/subject/35419153/,https://img9.doubanio.com/view/photo/s_ratio_poster/public/p2924862475.jpg
249,僵尸家族,7.6,43171,1986-08-15,中国香港,"喜剧,悬疑","['元彪', '李赛凤', '林正英', '楼南光', '钟发', '王玉环', '何健威', '午马', '曹达华', '文隽']",https://movie.douban.com/subject/1306403/,https://img3.doubanio.com/view/photo/s_ratio_poster/public/p1994728933.jpg
250,11:14,7.7,47420,2003-05-16,"美国,加拿大","剧情,犯罪,悬疑","['亨利·托马斯', '布莱克·赫伦', '芭芭拉·赫希', '克拉克·格雷格', '希拉里·斯万克', '肖恩·海托西', '斯塔克·桑德斯', '科林·汉克斯', '本·福斯特', '帕特里克·斯威兹']",https://movie.douban.com/subject/1394825/,https://img3.doubanio.com/view/photo/s_ratio_poster/public/p1423752342.jpg
251,坏蛋联盟2,7.6,70281,2025-08-16,美国,"喜剧,动作,犯罪,动画,悬疑,冒险","['山姆·洛克威尔', '马克·马龙', '奥卡菲娜', '克雷格·罗宾森', '安东尼·拉莫斯', '莎姬·贝兹', '丹妮尔·布鲁克斯', '娜塔莎·雷昂', '玛丽亚·巴卡洛娃', '艾利克斯·布斯汀']",https://movie.douban.com/subject/36829507/,https://img9.doubanio.com/view/photo/s_ratio_poster/public/p2923073504.jpg
252,失眠症,7.6,69773,2002-05-03,美国,"犯罪,剧情,悬疑,惊悚","['阿尔·帕西诺', '希拉里·斯万克', '罗宾·威廉姆斯', '马丁·多诺万', '乔纳森·杰克逊', '凯瑟琳·伊莎贝尔', '奥利弗·欧雷·泽门', '保罗·杜利', '尼基·凯特', '拉里·霍尔登']",https://movie.douban.com/subject/1307210/,https://img1.doubanio.com/view/photo/s_ratio_poster/public/p1150166738.jpg
253,不道德的审判,8.1,18973,1994-12-23,"英国,法国","剧情,悬疑,惊悚","['西格妮·韦弗', '本·金斯利', '斯图亚特·维尔森', '凯伦·斯特拉斯曼']",https://movie.douban.com/subject/1301601/,https://img1.doubanio.com/view/photo/s_ratio_poster/public/p2583381880.jpg
254,爱你长久,8.1,18950,2008-03-19,"法国,德国","剧情,悬疑","['克里斯汀·斯科特·托马斯', '艾尔莎·泽贝斯坦', '塞尔奇·哈赛纳维奇', '洛朗·格雷维尔', '弗雷德里克·皮耶罗', '帕斯卡·德莫隆', 'Bryce Hitchcock', '凯瑟琳·霍斯马林']",https://movie.douban.com/subject/2216966/,https://img1.doubanio.com/view/photo/s_ratio_poster/public/p459545990.jpg
255,永无止境,7.5,144560,2011-10-13,美国,"科幻,悬疑,惊悚","['布莱德利·库珀', '艾比·考尼什', '罗伯特·德尼罗', '安德鲁·霍华德', '安娜·弗莱尔', '梅天悦', '约翰尼·威特沃斯', '李小龙', '卡罗琳·温伯格', '丽贝卡·达扬']",https://movie.douban.com/subject/3041269/,https://img1.doubanio.com/view/photo/s_ratio_poster/public/p868781788.jpg
256,战栗黑洞,7.8,33353,1994-12-10,美国,"悬疑,奇幻,恐怖","['山姆·尼尔', '朱莉·卡门', '尤尔根·普洛斯诺', '约翰·格洛弗', '大卫·沃纳', '皮特·杰森', '查尔顿·赫斯顿', '威赫姆·冯·霍姆伯格', '弗兰西斯·贝', '查克·坎贝尔']",https://movie.douban.com/subject/1303460/,https://img1.doubanio.com/view/photo/s_ratio_poster/public/p1078004649.jpg
257,古畑任三郎 VS SMAP,8.7,10033,1999-01-03,日本,"剧情,悬疑,犯罪","['田村正和', '西村雅彦', '户田惠子', '梶原善', '宇梶刚士', '石井正则', '小林隆', '中居正广', '木村拓哉', '稻垣吾郎']",https://movie.douban.com/subject/1441054/,https://img9.doubanio.com/view/photo/s_ratio_poster/public/p2890623576.jpg
258,迎春阁之风波,8.1,10372,1973-12-06,中国香港,"剧情,动作,悬疑,武侠,古装","['李丽华', '乔宏', '田丰', '徐枫', '白鹰', '胡锦', '马海伦', '茅瑛', '杨威', '张照']",https://movie.douban.com/subject/1307898/,https://img3.doubanio.com/view/photo/s_ratio_poster/public/p2200936263.jpg
259,窃听大阴谋,8.1,18565,1974-04-07,美国,"剧情,悬疑,惊悚","['吉恩·哈克曼', '约翰·凯泽尔', '艾伦·加菲尔德', '弗雷德里克·福瑞斯特', '辛迪·威廉姆斯', '迈克尔·希金斯', '伊丽莎白·麦克雷', '特瑞·加尔', '哈里森·福特', '马克·惠勒']",https://movie.douban.com/subject/1296908/,https://img1.doubanio.com/view/photo/s_ratio_poster/public/p2915564760.jpg
260,扬名立万,7.4,853839,2021-11-11,中国大陆,"剧情,喜剧,悬疑","['尹正', '邓家佳', '喻恩泰', '杨皓宇', '陈明昊', '秦霄贤', '张本煜', '柯达', '邓恩熙', '余皑磊']",https://movie.douban.com/subject/35422807/,https://img1.doubanio.com/view/photo/s_ratio_poster/public/p2881817779.jpg
261,猎头游戏,7.6,62062,2011-08-04,"挪威,瑞典,丹麦,德国","犯罪,悬疑,惊悚","['阿卡塞尔·亨涅', '西诺薇·玛考迪·伦德', '尼古拉·科斯特-瓦尔道', '埃温·桑德尔', '尤莉·奥尔嘉', '凯瑞·豪根·西德尼斯', 'Valentina Alexeeva', '雷达尔·索伦森', '尼尔斯·约恩·卡尔斯塔德', 'Joachim Rafaelsen']",https://movie.douban.com/subject/5155038/,https://img3.doubanio.com/view/photo/s_ratio_poster/public/p2212750982.jpg
262,鲁邦三世VS名侦探柯南 剧场版,7.8,31399,2013-12-07,日本,"动作,犯罪,动画,悬疑","['栗田贯一', '小林清志', '浪川大辅', '泽城美雪', '山寺宏一', '高山南', '山崎和佳奈', '小山力也', '林原惠美', '山口胜平']",https://movie.douban.com/subject/24298212/,https://img2.doubanio.com/view/photo/s_ratio_poster/public/p2162543461.jpg
263,杀妻总动员,8.0,20885,2004-08-07,日本,"奇幻,悬疑,爱情,惊悚","['浅野忠信', '桥本丽香', '阿部宽', '小泉今日子', '岸部一德', '维尼·琼斯', '泷正则', '麻生祐未', '神木隆之介', '荒川良良']",https://movie.douban.com/subject/1308841/,https://img9.doubanio.com/view/photo/s_ratio_poster/public/p729530435.jpg
264,愚行录,7.7,40532,2016-09-06,日本,"剧情,犯罪,悬疑","['妻夫木聪', '满岛光', '小出惠介', '臼田麻美', '市川由衣', '松本若菜', '中村伦也', '真岛秀和', '滨田麻里', '平田满']",https://movie.douban.com/subject/26751899/,https://img3.doubanio.com/view/photo/s_ratio_poster/public/p2373212772.jpg
265,搜索,7.4,358951,2012-07-06,中国大陆,"剧情,悬疑","['高圆圆', '姚晨', '赵又廷', '陈红', '王学圻', '王珞丹', '陈燃', '张译', '余皑磊', '张大礼']",https://movie.douban.com/subject/6799191/,https://img1.doubanio.com/view/photo/s_ratio_poster/public/p1598153958.jpg
266,蓝丝绒,7.6,57914,1986-08-30,美国,"犯罪,悬疑,惊悚","['伊莎贝拉·罗西里尼', '凯尔·麦克拉克伦', '丹尼斯·霍珀', '劳拉·邓恩', '霍普·兰格', '迪恩·斯托克维尔', '乔治·迪克森', '普里西拉·珀伊特', '弗兰西斯·贝', '布拉德·道里夫']",https://movie.douban.com/subject/1298697/,https://img1.doubanio.com/view/photo/s_ratio_poster/public/p1280170030.jpg
267,暗夜恐惧,8.0,20298,2008-02-13,法国,"动画,剧情,恐怖,悬疑","['妮可·加西亚', '路易莎·皮里', '萨拉-劳雷·伊斯拉奈特', '奥雷·阿蒂卡', '吉约姆·德帕迪约']",https://movie.douban.com/subject/2377539/,https://img1.doubanio.com/view/photo/s_ratio_poster/public/p1769964280.jpg
268,睁开你的双眼,7.9,23986,1997-12-19,"西班牙,法国,意大利","剧情,科幻,悬疑,惊悚","['爱德华多·诺列加', '佩内洛普·克鲁兹', '切特·雷拉', '费雷·马丁内兹', '纳瓦·尼姆利', '杰拉尔·巴里', '特里斯坦·乌罗阿', '何塞·安赫尔·艾力格', 'Jorge de Juan', 'Miguel Palenzuela']",https://movie.douban.com/subject/1301899/,https://img1.doubanio.com/view/photo/s_ratio_poster/public/p828428718.jpg
269,女尸谜案,7.6,54261,2012-12-21,西班牙,"犯罪,悬疑,惊悚","['何塞·科罗纳多', '乌戈·席尔瓦', '贝伦·鲁埃达', '奥拉·加里多', '胡安·巴勃罗·舒克', '奥里奥尔·比拉', '卡洛塔·奥尔奇娜', '西尔维亚·阿兰达', '马内尔·杜维索', '佩雷·布拉索']",https://movie.douban.com/subject/10608242/,https://img9.doubanio.com/view/photo/s_ratio_poster/public/p1725734834.jpg
270,斯托克,7.5,92302,2013-01-20,"美国,英国","剧情,悬疑,惊悚","['米娅·华希科沃斯卡', '妮可·基德曼', '马修·古迪', '德蒙特·莫罗尼', '卢卡斯·提尔', '阿尔登·埃伦瑞奇', '杰基·韦佛', '拉尔夫·布朗', '哈莫尼·科林', '大卫·阿尔福德']",https://movie.douban.com/subject/4896894/,https://img3.doubanio.com/view/photo/s_ratio_poster/public/p1854982383.jpg
271,特别响，非常近,7.7,37230,2011-12-25,美国,"剧情,悬疑,家庭,冒险","['桑德拉·布洛克', '汤姆·汉克斯', '马克斯·冯·叙多夫', '约翰·古德曼', '维奥拉·戴维斯', '杰弗里·怀特', '托马斯·豪恩', '格里高利·克洛斯蒂舍夫斯基', '斯蒂芬妮·库尔特祖巴', '史蒂文·韦斯']",https://movie.douban.com/subject/3078514/,https://img9.doubanio.com/view/photo/s_ratio_poster/public/p1353738074.jpg
272,捉迷藏,7.5,85581,2005-01-27,美国,"悬疑,恐怖","['罗伯特·德尼罗', '达科塔·范宁', '法米克·詹森', '伊丽莎白·苏', '艾米·欧文', '布兰登·萨克斯顿', '迪伦·贝克', '梅丽莎·里奥', 'Rose Pasquale', '罗伯特·约翰·伯克']",https://movie.douban.com/subject/1308995/,https://img1.doubanio.com/view/photo/s_ratio_poster/public/p1139938300.jpg
273,生死停留,7.5,83817,2005-10-21,美国,"剧情,悬疑,惊悚","['伊万·麦克格雷格', '瑞恩·高斯林', '娜奥米·沃茨', '凯特·伯顿', '伊莉莎白·里瑟', '鲍勃·霍斯金斯', '詹妮安·加罗法洛', '黄荣亮', '贝琦·安·贝克', '杰西卡·赫特']",https://movie.douban.com/subject/1432180/,https://img9.doubanio.com/view/photo/s_ratio_poster/public/p637972624.jpg
274,极地恋人,8.1,16847,1998-08-28,"西班牙,法国","剧情,悬疑,爱情","['纳瓦·尼姆利', '费雷·马丁内兹', '南乔·诺沃', '玛鲁·瓦尔迪维索', '克里斯特尔·迪亚斯', 'Joost Siedhoff', 'Beate Jensen', 'Outi Alanen', '玛丽亚·伊萨西', 'J. Christoffer Slotte']",https://movie.douban.com/subject/1307474/,https://img9.doubanio.com/view/photo/s_ratio_poster/public/p917899915.jpg
275,双峰：与火同行,8.0,19354,1992-06-03,"法国,美国","剧情,悬疑,惊悚,恐怖","['雪莉·李', '雷·怀斯', '梅晨·阿米克', '达纳·艾希布鲁克', '大卫·鲍伊', '埃里克·达雷', '米盖尔·弗尔', '帕米拉·吉德利', '海瑟·格拉汉姆', '克里斯·艾塞克']",https://movie.douban.com/subject/1303472/,https://img3.doubanio.com/view/photo/s_ratio_poster/public/p2517947997.jpg
276,意外,7.4,119751,2009-09-05,中国香港,"悬疑,惊悚","['古天乐', '任贤齐', '冯淬帆', '叶璇', '林雪', '陈望华', '韩雨芹', '刘宗基', '吕少坤', '明德丰']",https://movie.douban.com/subject/3013580/,https://img9.doubanio.com/view/photo/s_ratio_poster/public/p2196915554.jpg
277,曼哈顿谋杀疑案,8.2,14835,1993-08-18,美国,"喜剧,悬疑","['伍迪·艾伦', '黛安·基顿', '杰里·阿德勒', '林恩·科恩', '朗·瑞弗金', '阿伦·阿尔达', '安杰丽卡·休斯顿', '扎克·布拉夫']",https://movie.douban.com/subject/1293031/,https://img2.doubanio.com/view/photo/s_ratio_poster/public/p2083734431.jpg
278,失踪宝贝,7.8,27500,2007-09-05,美国,"犯罪,剧情,悬疑,惊悚","['卡西·阿弗莱克', '米歇尔·莫纳汉', '摩根·弗里曼', '艾德·哈里斯', '艾米·莱安', '迈克尔·肯尼斯·威廉姆斯', '提图斯·维里沃', '马克·马戈利斯', '埃迪·盖瑟吉', '埃米·马迪根']",https://movie.douban.com/subject/1905777/,https://img3.doubanio.com/view/photo/s_ratio_poster/public/p2498072912.jpg
279,死亡之夜,8.7,9338,1945-09-04,英国,"恐怖,悬疑,惊悚","['默文·约翰斯', '罗兰·卡尔弗', '玛丽·梅罗尔', '乔姬·韦瑟斯', '弗雷德里克·瓦尔克', '安东尼·贝尔德', '萨莉·安·豪斯', '朱迪·凯利', '迈尔斯·马勒森', '迈克尔·艾伦']",https://movie.douban.com/subject/1305323/,https://img1.doubanio.com/view/photo/s_ratio_poster/public/p2230419198.jpg
280,香草的天空,7.5,77565,2001-12-14,"美国,西班牙","悬疑,爱情,科幻,惊悚","['汤姆·克鲁斯', '佩内洛普·克鲁兹', '卡梅隆·迪亚兹', '库尔特·拉塞尔', '杰森·李', '诺亚·泰勒', '蒂莫西·斯波', '蒂尔达·斯文顿', '迈克尔·珊农', '史蒂文·斯皮尔伯格']",https://movie.douban.com/subject/1299054/,https://img9.doubanio.com/view/photo/s_ratio_poster/public/p541484436.jpg
281,2010,8.0,18988,1984-12-07,美国,"悬疑,科幻,惊悚,冒险","['罗伊·谢德', '约翰·利思戈', '海伦·米伦', '鲍勃·巴拉班', '凯尔·杜拉', '玛多林·史密斯·奥斯巴内', '达纳·艾卡', '塔利辛·贾夫', '詹姆斯·麦金', '埃利亚·巴斯金']",https://movie.douban.com/subject/1293572/,https://img3.doubanio.com/view/photo/s_ratio_poster/public/p1209728783.jpg
282,白雪公主杀人事件,7.5,70384,2014-03-29,日本,"剧情,悬疑","['井上真央', '绫野刚', '菜菜绪', '金子统昭', '小野惠令奈', '谷村美月', '染谷将太', '莲佛美沙子', '贯地谷栞', '生濑胜久']",https://movie.douban.com/subject/24858414/,https://img3.doubanio.com/view/photo/s_ratio_poster/public/p2155888782.jpg
283,影子写手,7.5,70060,2010-02-12,"法国,德国,英国","剧情,悬疑,惊悚","['伊万·麦克格雷格', '皮尔斯·布鲁斯南', '奥莉维亚·威廉姆斯', '金·凯特罗尔', '汤姆·威尔金森', '蒂莫西·赫顿', '安娜·鲍丁', '乔·博恩瑟', '埃本·扬', '朱利安·F.M.·斯托克尔']",https://movie.douban.com/subject/3120852/,https://img9.doubanio.com/view/photo/s_ratio_poster/public/p574855756.jpg
284,分裂,7.4,140331,2016-12-26,美国,"犯罪,悬疑,惊悚","['詹姆斯·麦卡沃伊', '安雅·泰勒-乔伊', '贝蒂·巴克利', '海莉·露·理查森', '杰西卡·苏拉', '丽兹·科菲', '布拉德·威廉姆·亨克', '塞巴斯蒂安·阿塞勒斯', '尼尔·赫夫', '尤基·华盛顿']",https://movie.douban.com/subject/26600660/,https://img9.doubanio.com/view/photo/s_ratio_poster/public/p2412064264.jpg
285,神秘博士：死亡星球,8.7,9020,2009-04-11,英国,"剧情,科幻,悬疑,奇幻,惊悚,冒险,灾难,鬼怪","['艾伦·托马斯', '大卫·埃姆斯', '诺玛·杜梅温尼', '丹尼尔·卡卢亚', '米歇尔·雷恩', '大卫·田纳特']",https://movie.douban.com/subject/4249642/,https://img1.doubanio.com/view/photo/s_ratio_poster/public/p2508912980.jpg
286,天使与魔鬼,7.4,120357,2009-05-15,"美国,意大利","动作,悬疑,惊悚","['汤姆·汉克斯', '伊万·麦克格雷格', '阿耶莱特·祖里尔', '斯特兰·斯卡斯加德', '皮耶尔弗兰切斯科·法维诺', '尼古拉·雷·卡斯', '阿明·缪勒-斯塔尔', '托尔·林德哈特', '大卫·帕斯奎斯', '科西莫·福斯科']",https://movie.douban.com/subject/1927369/,https://img1.doubanio.com/view/photo/s_ratio_poster/public/p786229120.jpg
287,悬崖之上,7.3,818930,2021-04-30,"中国大陆,中国香港","剧情,动作,悬疑","['张译', '于和伟', '秦海璐', '朱亚文', '刘浩存', '倪大红', '李乃文', '余皑磊', '飞凡', '雷佳音']",https://movie.douban.com/subject/32493124/,https://img1.doubanio.com/view/photo/s_ratio_poster/public/p2638045698.jpg
288,名侦探柯南：战栗的乐谱,7.4,111475,2008-04-19,日本,"动画,悬疑","['高山南', '山崎和佳奈', '神谷明', '松井菜樱子', '山口胜平', '桑岛法子', '林原惠美', '岩居由希子', '高木涉', '大谷育江']",https://movie.douban.com/subject/2357719/,https://img1.doubanio.com/view/photo/s_ratio_poster/public/p453739518.jpg
289,偷香,7.6,38752,1996-03-29,"意大利,法国,英国","剧情,爱情,悬疑,情色","['丽芙·泰勒', '杰瑞米·艾恩斯', '西妮德·库萨克', '让·马莱', '多纳尔·麦卡恩', 'D·W·莫菲特', '斯特法尼娅·桑德雷莉', '蕾切尔·薇兹', '卡洛·切基', '约瑟夫·费因斯']",https://movie.douban.com/subject/1292277/,https://img3.doubanio.com/view/photo/s_ratio_poster/public/p1081151273.jpg
290,盲证,7.5,53614,2011-08-11,韩国,"剧情,犯罪,悬疑","['金荷娜', '俞承豪', '曹熙奉', '梁英祖', '谢姬', '朴宝剑', '金永周', 'Dolly', '吴代焕', '金敬益']",https://movie.douban.com/subject/5353344/,https://img3.doubanio.com/view/photo/s_ratio_poster/public/p1097845082.jpg
291,嫌疑人X的献身,7.5,51074,2012-10-18,韩国,"剧情,爱情,悬疑,犯罪","['李枖原', '柳承范', '赵震雄', '白承道', '朴正表', '郭民浩', '崔英佑', '金周灵', '金宝罗', '李錫俊']",https://movie.douban.com/subject/6869412/,https://img2.doubanio.com/view/photo/s_ratio_poster/public/p1702130521.jpg
292,天使之卵,8.1,14722,1985-12-22,日本,"科幻,动画,悬疑","['根津甚八', '兵藤真子', '野田圭一']",https://movie.douban.com/subject/1467779/,https://img1.doubanio.com/view/photo/s_ratio_poster/public/p2880735419.jpg
293,神探夏洛克：可恶的新娘,7.3,266699,2016-01-04,英国,"剧情,犯罪,悬疑","['本尼迪克特·康伯巴奇', '马丁·弗瑞曼', '鲁珀特·格雷夫斯', '马克·加蒂斯', '安德鲁·斯科特', '尤娜·斯塔布斯', '露易丝·布瑞丽', '阿曼达·阿宾顿', '乔纳森·阿里斯', '亚斯明·阿克拉姆']",https://movie.douban.com/subject/25920885/,https://img3.doubanio.com/view/photo/s_ratio_poster/public/p2299823043.jpg
294,原罪,7.4,82605,2001-07-11,"法国,美国","剧情,爱情,悬疑,情色","['安东尼奥·班德拉斯', '安吉丽娜·朱莉', '托马斯·简', '杰克·汤普森', 'Allison Mackie', '乔安·普林格尔', '詹姆斯·哈文', '格里高利·伊齐恩', '莉萨·欧文', 'Fernando Torre Laphame']",https://movie.douban.com/subject/1302303/,https://img2.doubanio.com/view/photo/s_ratio_poster/public/p2563026581.jpg
295,高斯福庄园,7.7,27552,2001-11-07,"美国,英国,意大利","剧情,喜剧,悬疑","['玛吉·史密斯', '迈克尔·刚本', '克里斯汀·斯科特·托马斯', '卡米拉·拉瑟福德', '查尔斯·丹斯', '杰拉丁·萨莫维尔', '汤姆·霍兰德尔', '娜塔莎·怀特曼', '杰瑞米·诺森', '鲍勃·巴拉班']",https://movie.douban.com/subject/1306860/,https://img3.doubanio.com/view/photo/s_ratio_poster/public/p1452864263.jpg
296,记忆之夜,7.5,48515,2017-11-29,韩国,"悬疑,惊悚","['姜河那', '金武烈', '文成根', '罗映姫', '南明烈', '李娜拉', '郑灿菲', '崔高', '康辛久', '安敏永']",https://movie.douban.com/subject/27047871/,https://img9.doubanio.com/view/photo/s_ratio_poster/public/p2500345435.jpg
297,去年冬天与你分手,7.7,27063,2018-03-10,日本,"剧情,犯罪,悬疑","['岩田刚典', '山本美月', '斋藤工', '浅见伶奈', '北村一辉', '土村芳', '永仓大辅', '圆城寺彩', '每熊克哉', '佐藤贡三']",https://movie.douban.com/subject/27102505/,https://img3.doubanio.com/view/photo/s_ratio_poster/public/p2511323383.jpg
298,电锯惊魂10,7.4,77924,2023-09-25,"美国,墨西哥,加拿大","悬疑,惊悚,恐怖","['托宾·贝尔', '肖妮·史密斯', '西诺薇·玛考迪·伦德', '史蒂文·布兰德', '蕾内塔·瓦卡', '约书亚·奧卡莫托', '奥克塔维奥·伊诺埃萨', '波莱特·埃尔南德斯', '豪尔赫·布里塞诺', '科斯塔斯·曼迪勒']",https://movie.douban.com/subject/36116844/,https://img3.doubanio.com/view/photo/s_ratio_poster/public/p2896065153.jpg
299,名侦探柯南：万圣节的新娘,7.3,202702,2022-11-18,日本,"动作,动画,悬疑","['高山南', '古谷彻', '山崎和佳奈', '小山力也', '林原惠美', '山口胜平', '高木涉', '汤屋敦子', '三宅健太', '绪方贤一']",https://movie.douban.com/subject/35437938/,https://img3.doubanio.com/view/photo/s_ratio_poster/public/p2883894742.jpg
300,推销员,7.6,33898,2016-05-21,"伊朗,法国","剧情,悬疑,家庭","['谢哈布·侯赛尼', '塔拉内·阿里多斯蒂', '巴巴克·卡里米', '法里德·萨贾蒂·侯赛尼', '米娜·沙达蒂', '迈赫迪·库什基']",https://movie.douban.com/subject/26679552/,https://img1.doubanio.com/view/photo/s_ratio_poster/public/p2386724199.jpg
301,哭声,7.3,174748,2016-05-11,韩国,"剧情,悬疑,恐怖","['郭度沅', '黄政民', '千玗嬉', '国村隼', '金基天', '黄锡晶', '李龙女', '金欢熙', '李姃垠', '张素妍']",https://movie.douban.com/subject/25817534/,https://img3.doubanio.com/view/photo/s_ratio_poster/public/p2339592703.jpg
302,三更,7.4,39932,2002-08-15,"中国香港,韩国,泰国","爱情,悬疑,奇幻,恐怖","['黎明', '曾志伟', '原丽淇', '金惠秀', '郑普硕', '李霆锋', '文晶熙', '朴熙顺 ', '岑建勋', '崔贞媛']",https://movie.douban.com/subject/1307488/,https://img3.doubanio.com/view/photo/s_ratio_poster/public/p2165832992.jpg
303,大追捕,7.3,94761,2012-03-15,"中国香港,中国大陆","剧情,动作,犯罪,悬疑,惊悚","['张家辉', '任达华', '王敏德', '文咏珊', '谢安琪', '余安安', '张国强', '骆应钧', '洪卓立', '窦骁']",https://movie.douban.com/subject/6738735/,https://img1.doubanio.com/view/photo/s_ratio_poster/public/p1441926800.jpg
304,孤堡惊情,7.4,69961,2010-04-16,"西班牙,法国,比利时","剧情,悬疑,惊悚,恐怖","['贝伦·鲁埃达', '费尔南多·卡约', '罗赫尔·普林赛普', '玛贝尔·里维拉', '蒙特塞拉特·卡鲁亚', '安德烈斯·赫尔德鲁迪克斯', '埃德加·维瓦尔', '奥斯卡·卡萨斯', '米蕾娅·雷瑙', '乔治娜·阿韦亚内达']",https://movie.douban.com/subject/2122766/,https://img1.doubanio.com/view/photo/s_ratio_poster/public/p542906219.jpg
